Date,Last Price,Volume,USD_Index,EFFR,Crude_Oil
2008-01-14,2051.0,0.0,89.2749,4.24,94.23
2008-01-15,2036.0,0.0,89.1555,4.24,91.87
2008-01-16,2040.0,0.0,89.6701,4.22,90.8
2008-01-17,2037.0,0.0,89.6484,4.23,90.11
2008-01-18,2027.0,0.0,89.8993,4.17,90.55
2008-01-21,2023.0,0.0,89.9265,4.17,90.55
2008-01-22,2073.0,0.0,89.84,3.68,89.64
2008-01-23,2062.0,0.0,89.9138,3.43,87.65
2008-01-24,2057.0,0.0,89.203,3.47,89.98
2008-01-25,2051.0,0.0,89.2184,3.6,90.37
2008-01-28,2075.0,0.0,88.9555,3.5,90.99
2008-01-29,2092.0,0.0,88.8342,3.47,91.66
2008-01-30,2113.0,0.0,88.7442,3.26,92.34
2008-01-31,2108.0,0.0,88.6547,3.22,91.67
2008-02-01,2130.0,0.0,88.4824,3.12,89.03
2008-02-04,2165.0,0.0,88.4788,2.82,90.07
2008-02-05,2166.0,0.0,89.076,2.71,88.32
2008-02-06,2175.0,0.0,88.9987,2.94,87.16
2008-02-07,2194.0,0.0,89.4221,3.03,88.07
2008-02-08,2220.0,0.0,89.2226,3.05,91.77
2008-02-11,2200.0,10.0,89.2149,2.88,93.56
2008-02-12,2197.0,0.0,88.9539,2.91,92.82
2008-02-13,2267.0,0.0,89.1382,3.02,93.28
2008-02-14,2356.0,10.0,88.9055,3.03,95.42
2008-02-15,2357.0,0.0,88.9006,2.97,95.57
2008-02-18,2294.0,0.0,88.9004,2.97,95.57
2008-02-19,2380.0,0.0,88.9626,2.94,99.99
2008-02-20,2380.0,0.0,89.2572,3.0,100.86
2008-02-21,2436.0,0.0,88.716,3.01,98.57
2008-02-22,2495.0,0.0,88.7082,2.97,99.03
2008-02-25,2561.0,0.0,88.5373,3.0,99.4
2008-02-26,2527.0,0.0,88.0998,2.85,100.83
2008-02-27,2624.0,0.0,87.3353,2.93,99.59
2008-02-28,2711.0,0.0,87.0363,3.06,102.6
2008-02-29,2718.0,0.0,87.1654,3.01,101.78
2008-03-03,2721.0,0.0,87.2381,3.1,102.42
2008-03-04,2722.0,0.0,87.3039,2.9,99.72
2008-03-05,2751.0,0.0,87.1347,2.93,104.45
2008-03-06,2588.0,0.0,86.9105,2.99,105.51
2008-03-07,2469.0,0.0,87.1258,2.96,105.12
2008-03-10,2481.0,0.0,87.1452,2.99,107.9
2008-03-11,2517.0,0.0,87.1763,2.95,108.73
2008-03-12,2587.0,0.0,86.728,2.97,109.86
2008-03-13,2676.0,0.0,86.3891,2.98,110.21
2008-03-14,2566.0,0.0,86.4301,2.99,110.03
2008-03-17,2381.0,0.0,86.3417,2.69,105.74
2008-03-18,2391.0,0.0,86.1191,2.16,109.57
2008-03-19,2280.0,0.0,86.5755,2.08,103.25
2008-03-20,2188.0,0.0,87.3293,2.22,102.57
2008-03-25,2240.0,0.0,86.8339,2.42,101.78
2008-03-26,2242.0,10.0,86.5513,2.3,105.83
2008-03-27,2314.0,0.0,86.4583,2.27,107.56
2008-03-28,2255.0,0.0,86.6369,2.09,105.59
2008-03-31,2234.0,0.0,86.6881,2.51,101.54
2008-04-01,2208.0,0.0,87.0276,2.38,100.92
2008-04-02,2197.0,10.0,86.8886,2.18,104.83
2008-04-03,2220.0,0.0,86.6424,2.19,103.92
2008-04-04,2212.0,0.0,86.5108,2.26,106.09
2008-04-07,2210.0,0.0,86.603,2.24,108.91
2008-04-08,2213.0,0.0,86.7369,2.23,108.54
2008-04-09,2255.0,0.0,86.5764,2.2,110.89
2008-04-10,2233.0,0.0,86.5131,2.3,110.07
2008-04-11,2233.0,0.0,86.5029,2.37,110.14
2008-04-14,2235.0,0.0,86.3492,2.32,111.71
2008-04-15,2235.0,0.0,86.4705,2.32,113.77
2008-04-16,2271.0,0.0,85.9037,2.35,114.8
2008-04-17,2330.0,0.0,86.1077,2.37,114.8
2008-04-18,2272.0,0.0,86.5277,2.32,116.56
2008-04-21,2239.0,0.0,86.2979,2.28,117.48
2008-04-22,2320.0,0.0,85.927,1.99,119.17
2008-04-23,2260.0,0.0,86.3841,2.18,119.28
2008-04-24,2256.0,0.0,86.7154,2.26,117.1
2008-04-25,2213.0,0.0,86.8337,2.28,119.64
2008-04-28,2255.0,0.0,86.7635,2.29,118.78
2008-04-29,2220.0,0.0,86.873,2.21,115.67
2008-04-30,2220.0,0.0,86.8907,2.37,113.7
2008-05-01,2106.0,0.0,87.1347,2.16,112.6
2008-05-02,2105.0,0.0,87.2311,1.88,116.36
2008-05-05,2105.0,0.0,87.0636,1.85,119.94
2008-05-06,2120.0,0.0,86.847,1.91,121.82
2008-05-07,2101.0,0.0,87.3421,2.01,123.56
2008-05-08,2101.0,0.0,87.4575,1.99,123.77
2008-05-09,2180.0,0.0,87.2528,1.97,125.94
2008-05-12,2208.0,0.0,87.0403,1.88,124.02
2008-05-13,2218.0,0.0,87.1332,1.93,125.83
2008-05-14,2205.0,0.0,87.3659,2.03,124.21
2008-05-15,2205.0,0.0,87.1823,2.03,124.25
2008-05-16,2234.0,0.0,86.7855,1.91,126.5
2008-05-19,2215.0,0.0,86.8225,1.95,127.15
2008-05-20,2237.0,0.0,86.5627,1.99,128.93
2008-05-21,2281.0,0.0,86.1595,2.03,132.99
2008-05-22,2202.0,0.0,86.3223,2.05,130.04
2008-05-23,2205.0,0.0,86.1922,1.99,131.58
2008-05-27,2195.0,0.0,86.4459,2.23,128.81
2008-05-28,2144.0,0.0,86.4951,2.08,131.0
2008-05-29,2120.0,0.0,86.5616,2.01,126.7
2008-05-30,2212.0,0.0,86.5504,1.98,127.35
2008-06-02,2251.0,0.0,86.6321,2.06,127.75
2008-06-03,2206.0,0.0,86.8359,1.95,124.33
2008-06-04,2192.0,0.0,87.0999,1.98,122.3
2008-06-05,2245.0,0.0,87.0968,1.98,127.93
2008-06-06,2202.0,0.0,86.8028,2.01,138.51
2008-06-09,2138.0,0.0,86.9096,2.02,134.44
2008-06-10,2169.0,0.0,87.4705,1.96,131.38
2008-06-11,2160.0,0.0,87.2059,1.95,136.43
2008-06-12,2184.0,0.0,87.6187,2.01,136.91
2008-06-13,2184.0,0.0,87.7622,2.02,134.84
2008-06-16,2197.0,0.0,87.3911,2.06,134.52
2008-06-17,2239.0,0.0,87.2103,1.87,133.99
2008-06-18,2230.0,0.0,87.1872,1.84,136.54
2008-06-19,2223.0,0.0,87.0815,1.94,131.88
2008-06-20,2315.0,0.0,86.9036,1.99,134.78
2008-06-23,2296.0,0.0,87.2163,1.98,135.98
2008-06-24,2291.0,0.0,86.9666,1.93,136.49
2008-06-25,2334.0,0.0,87.0535,1.97,133.92
2008-06-26,2384.0,0.0,86.6793,2.05,138.91
2008-06-27,2361.0,0.0,86.643,1.99,139.69
2008-06-30,2396.0,0.0,86.7621,2.47,139.96
2008-07-01,2465.0,0.0,86.8447,2.11,141.06
2008-07-02,2463.0,0.0,86.4782,1.95,143.74
2008-07-03,2416.0,0.0,86.8843,1.92,145.31
2008-07-04,2411.0,0.0,86.8781,1.92,145.31
2008-07-07,2368.0,0.0,86.9617,1.99,141.38
2008-07-08,2248.0,0.0,86.9778,1.97,136.06
2008-07-09,2253.0,0.0,86.5335,1.99,135.88
2008-07-10,2271.0,0.0,86.5122,2.01,141.47
2008-07-11,2261.0,0.0,86.221,1.97,144.96
2008-07-14,2277.0,0.0,86.1079,2.06,145.16
2008-07-15,2260.0,0.0,85.8731,2.16,138.68
2008-07-16,2264.0,0.0,85.9285,1.95,134.63
2008-07-17,2257.0,0.0,85.9387,2.03,129.43
2008-07-18,2251.0,0.0,86.0735,1.96,128.94
2008-07-21,2253.0,0.0,86.0151,1.98,131.43
2008-07-22,2278.0,0.0,86.1909,1.97,127.25
2008-07-23,2230.0,0.0,86.2664,2.04,123.73
2008-07-24,2225.0,0.0,86.4017,2.06,124.62
2008-07-25,2261.0,30.0,86.3916,2.13,122.59
2008-07-28,2245.0,0.0,86.4666,2.0,124.72
2008-07-29,2286.0,0.0,86.8175,2.05,122.21
2008-07-30,2287.0,30.0,86.8167,2.03,126.74
2008-07-31,2317.0,0.0,86.8567,2.09,124.17
2008-08-01,2337.0,0.0,86.8257,2.04,125.03
2008-08-04,2261.0,30.0,87.0611,1.97,121.45
2008-08-05,2340.0,0.0,87.3281,1.97,118.71
2008-08-06,2320.0,0.0,87.6004,2.01,118.57
2008-08-07,2340.0,0.0,87.8732,1.96,119.84
2008-08-08,2295.0,0.0,88.8939,2.01,115.42
2008-08-11,2292.0,0.0,89.035,1.99,114.44
2008-08-12,2265.0,20.0,89.1916,1.95,113.1
2008-08-13,2210.0,20.0,89.3211,1.98,115.96
2008-08-14,2203.0,0.0,89.3675,2.09,115.05
2008-08-15,2170.0,0.0,89.7244,2.08,113.46
2008-08-18,2223.0,0.0,89.5966,1.91,112.92
2008-08-19,2258.0,0.0,89.6465,1.94,114.39
2008-08-20,2250.0,0.0,89.6977,1.98,115.48
2008-08-21,2250.0,0.0,88.9128,2.01,121.23
2008-08-22,2260.0,0.0,89.2381,2.02,114.48
2008-08-25,2260.0,0.0,89.3094,2.01,114.85
2008-08-26,2300.0,0.0,89.7007,1.88,116.31
2008-08-27,2275.0,0.0,89.6419,1.98,118.17
2008-08-28,2260.0,0.0,89.8225,1.99,115.58
2008-08-29,2275.0,0.0,90.0567,1.94,115.55
2008-09-01,2222.0,0.0,90.08,1.94,115.55
2008-09-02,2225.0,0.0,90.8438,1.96,109.63
2008-09-03,2195.0,0.0,90.8286,2.01,109.38
2008-09-04,2196.0,0.0,91.1621,1.99,107.99
2008-09-05,2148.0,0.0,91.341,1.97,106.47
2008-09-08,2162.0,0.0,91.663,1.92,106.35
2008-09-09,2147.0,0.0,91.5779,1.96,103.23
2008-09-10,2158.0,0.0,92.1283,2.12,102.66
2008-09-11,2147.0,0.0,92.4901,2.0,100.95
2008-09-12,2149.0,0.0,91.4706,2.1,101.19
2008-09-15,2164.0,0.0,91.757,2.64,95.52
2008-09-16,2062.0,0.0,92.0594,1.98,91.49
2008-09-17,2066.0,0.0,92.0982,2.8,97.39
2008-09-18,2063.0,0.0,91.7111,2.16,97.5
2008-09-19,2097.0,0.0,91.0014,1.48,104.05
2008-09-22,2141.0,0.0,90.1119,1.51,122.61
2008-09-23,2123.0,0.0,90.1221,1.46,107.85
2008-09-24,2128.0,0.0,90.4602,1.19,106.84
2008-09-25,2146.0,0.0,90.4651,1.23,111.54
2008-09-26,2077.0,0.0,90.6872,1.08,106.77
2008-09-29,2011.0,10.0,91.3961,1.56,96.29
2008-09-30,1992.0,0.0,92.3773,2.03,100.7
2008-10-01,1980.0,0.0,92.511,1.15,98.23
2008-10-02,1945.0,0.0,93.3792,0.67,93.84
2008-10-03,1921.0,0.0,93.5414,1.1,93.91
2008-10-06,1816.0,0.0,95.1629,1.96,88.15
2008-10-07,1826.0,10.0,95.4889,2.97,90.18
2008-10-08,1715.0,0.0,96.9684,2.24,88.94
2008-10-09,1773.0,30.0,96.5143,1.4,86.5
2008-10-10,1700.0,10.0,97.999,0.79,77.44
2008-10-13,1763.0,0.0,97.9686,0.79,81.17
2008-10-14,1793.0,0.0,96.2544,1.1,78.69
2008-10-15,1722.0,0.0,97.2045,1.04,74.38
2008-10-16,1715.0,40.0,98.368,0.83,69.81
2008-10-17,1740.0,0.0,97.7255,0.6,71.9
2008-10-20,1724.0,10.0,98.1605,0.7,74.08
2008-10-21,1718.0,10.0,99.4242,0.67,71.29
2008-10-22,1693.0,10.0,101.2131,0.81,66.92
2008-10-23,1650.0,20.0,101.1071,0.93,67.17
2008-10-24,1610.0,10.0,101.8442,0.95,63.34
2008-10-27,1542.0,20.0,102.3415,0.92,61.92
2008-10-28,1545.0,10.0,102.4236,0.67,62.8
2008-10-29,1562.0,20.0,100.0967,0.36,67.45
2008-10-30,1537.0,0.0,99.4568,0.3,65.79
2008-10-31,1558.0,0.0,99.7662,0.22,68.1
2008-11-03,1561.0,0.0,99.4345,0.23,63.93
2008-11-04,1675.0,0.0,97.9957,0.23,70.41
2008-11-05,1695.0,0.0,98.0953,0.23,65.41
2008-11-06,1621.0,0.0,99.5364,0.23,60.72
2008-11-07,1625.0,0.0,99.3944,0.27,61.06
2008-11-10,1745.0,0.0,99.5897,0.29,62.19
2008-11-11,1713.0,0.0,99.6041,0.29,59.38
2008-11-12,1685.0,0.0,101.1947,0.35,55.95
2008-11-13,1670.0,0.0,101.774,0.35,58.31
2008-11-14,1675.0,0.0,100.9705,0.34,57.18
2008-11-17,1661.0,0.0,101.1029,0.37,55.14
2008-11-18,1669.0,0.0,101.3965,0.38,54.42
2008-11-19,1655.0,0.0,101.8804,0.38,53.64
2008-11-20,1625.0,0.0,103.2737,0.49,48.86
2008-11-21,1622.0,0.0,103.6289,0.57,49.22
2008-11-24,1674.0,0.0,101.502,0.62,53.63
2008-11-25,1681.0,0.0,100.7997,0.59,50.02
2008-11-26,1721.0,0.0,101.2566,0.53,54.2
2008-11-27,1746.0,0.0,101.2564,0.53,54.2
2008-11-28,1746.0,0.0,101.6468,0.52,55.21
2008-12-01,1694.0,110.0,102.1744,0.52,49.34
2008-12-02,1675.0,10.0,101.9891,0.47,47.05
2008-12-03,1669.0,20.0,102.4251,0.36,46.79
2008-12-04,1580.0,10.0,102.0715,0.2,43.8
2008-12-05,1564.0,10.0,103.4902,0.12,41.01
2008-12-08,1605.0,0.0,101.7227,0.12,43.69
2008-12-09,1619.0,0.0,101.7346,0.13,42.0
2008-12-10,1646.0,20.0,101.2913,0.11,43.1
2008-12-11,1661.0,0.0,99.5101,0.14,47.77
2008-12-12,1641.0,20.0,100.319,0.15,46.27
2008-12-15,1638.0,10.0,99.1001,0.18,44.61
2008-12-16,1620.0,20.0,98.4771,0.17,43.84
2008-12-17,1634.0,30.0,96.8227,0.12,40.17
2008-12-18,1648.0,10.0,96.8447,0.11,36.73
2008-12-19,1597.0,40.0,98.1278,0.11,33.17
2008-12-22,1573.0,20.0,98.1643,0.11,31.1
2008-12-23,1547.0,40.0,98.2698,0.11,30.28
2008-12-24,1549.0,20.0,98.2249,0.11,32.94
2008-12-29,1533.0,50.0,97.9359,0.1,39.89
2008-12-30,1544.0,80.0,98.3833,0.09,38.95
2008-12-31,1522.0,20.0,98.6518,0.14,44.6
2009-01-02,1565.0,10.0,98.6008,0.08,46.17
2009-01-05,1545.0,0.0,98.9195,0.11,48.61
2009-01-06,1648.0,0.0,98.7871,0.09,48.56
2009-01-07,1623.0,0.0,98.089,0.11,42.75
2009-01-08,1620.0,20.0,98.3223,0.1,41.68
2009-01-09,1674.0,10.0,98.8752,0.09,40.69
2009-01-12,1639.0,10.0,99.6022,0.1,37.65
2009-01-13,1623.0,0.0,100.3597,0.1,37.77
2009-01-14,1614.0,0.0,100.7546,0.15,37.43
2009-01-15,1609.0,0.0,101.4653,0.18,35.41
2009-01-16,1662.0,10.0,100.711,0.19,35.38
2009-01-19,1657.0,0.0,100.711,0.19,35.38
2009-01-20,1656.0,0.0,100.711,0.2,38.57
2009-01-21,1668.0,10.0,102.1007,0.23,42.56
2009-01-22,1695.0,0.0,101.8432,0.21,42.33
2009-01-23,1706.0,0.0,102.1096,0.18,45.12
2009-01-26,1718.0,0.0,100.9764,0.19,46.5
2009-01-27,1715.0,20.0,101.1702,0.18,41.67
2009-01-28,1713.0,0.0,100.5461,0.19,42.04
2009-01-29,1715.0,0.0,101.3398,0.23,41.58
2009-01-30,1715.0,0.0,102.1169,0.23,41.73
2009-02-02,1665.0,2790.0,102.5067,0.24,41.35
2009-02-03,1659.0,2790.0,101.8506,0.24,40.87
2009-02-04,1597.0,6620.0,101.9056,0.24,40.27
2009-02-05,1649.0,8039.999999999999,101.9517,0.23,41.15
2009-02-06,1665.0,2830.0,101.7455,0.23,40.24
2009-02-09,1655.0,2510.0,100.9637,0.22,39.58
2009-02-10,1608.0,3630.0,101.7094,0.24,37.54
2009-02-11,1614.0,2380.0,102.24,0.22,35.93
2009-02-12,1575.0,3810.0,102.598,0.23,34.03
2009-02-13,1578.0,3550.0,102.2958,0.22,37.63
2009-02-16,1585.0,870.0,102.2958,0.22,37.63
2009-02-17,1572.0,2230.0,103.7625,0.25,34.96
2009-02-18,1566.0,3150.0,104.0385,0.23,34.67
2009-02-19,1577.0,2460.0,103.7656,0.21,39.6
2009-02-20,1558.0,2029.9999999999998,104.0244,0.2,39.35
2009-02-23,1573.0,2270.0,103.7416,0.19,37.66
2009-02-24,1572.0,2150.0,103.9829,0.21,38.86
2009-02-25,1565.0,3050.0,104.3086,0.21,41.64
2009-02-26,1557.0,45050.0,104.1813,0.22,43.18
2009-02-27,1543.0,7350.0,104.9284,0.22,44.15
2009-03-02,1512.0,300.0,105.9617,0.22,40.07
2009-03-03,1498.0,130.0,106.0249,0.2,41.57
2009-03-04,1524.0,30.0,105.4558,0.21,45.28
2009-03-05,1516.0,170.0,105.8064,0.2,43.54
2009-03-06,1510.0,140.0,105.3937,0.2,45.43
2009-03-09,1464.0,190.0,106.0182,0.2,47.01
2009-03-10,1432.0,10.0,105.1153,0.2,45.68
2009-03-11,1422.0,20.0,104.8499,0.19,42.46
2009-03-12,1528.0,50.0,104.89,0.18,46.91
2009-03-13,1539.0,0.0,104.1106,0.15,46.22
2009-03-16,1525.0,10.0,103.2005,0.2,47.33
2009-03-17,1509.0,10.0,103.2305,0.2,48.97
2009-03-18,1522.0,10.0,103.0005,0.18,48.12
2009-03-19,1550.0,0.0,100.3951,0.17,51.46
2009-03-20,1535.0,10.0,101.0581,0.18,51.55
2009-03-23,1566.0,0.0,101.103,0.17,53.05
2009-03-24,1556.0,40.0,101.0319,0.17,53.36
2009-03-25,1553.0,40.0,100.9674,0.17,52.24
2009-03-26,1557.0,70.0,101.097,0.16,53.87
2009-03-27,1540.0,0.0,101.8388,0.15,52.41
2009-03-30,1524.0,10.0,102.749,0.16,48.49
2009-03-31,1524.0,0.0,102.3761,0.16,49.64
2009-04-01,1533.0,4770.0,102.1252,0.16,48.46
2009-04-02,1561.0,3980.0,100.8733,0.16,52.61
2009-04-03,1564.0,1810.0,100.6429,0.13,52.52
2009-04-06,1563.0,2670.0,100.9428,0.14,51.1
2009-04-07,1560.0,2420.0,100.9808,0.14,49.13
2009-04-08,1559.0,1980.0,100.8948,0.14,49.37
2009-04-09,1570.0,3070.0,100.7988,0.14,52.24
2009-04-14,1521.0,5610.0,99.9097,0.16,49.51
2009-04-15,1514.0,5210.0,100.1497,0.16,49.26
2009-04-16,1502.0,4160.0,100.0517,0.15,49.97
2009-04-17,1493.0,2020.0,100.5719,0.13,50.36
2009-04-20,1502.0,2690.0,101.448,0.14,45.82
2009-04-21,1494.0,3300.0,101.1794,0.15,46.65
2009-04-22,1498.0,3880.0,101.1142,0.15,47.41
2009-04-23,1484.0,2170.0,101.0065,0.17,48.46
2009-04-24,1497.0,3280.0,100.0244,0.16,50.65
2009-04-27,1454.0,3860.0,100.7258,0.17,49.29
2009-04-28,1448.0,41990.0,101.3145,0.16,49.01
2009-04-29,1449.0,13940.0,100.0009,0.18,50.19
2009-04-30,1424.0,5620.0,100.1042,0.2,50.35
2009-05-01,1475.0,70.0,100.0057,0.22,52.18
2009-05-04,1475.0,0.0,99.134,0.22,54.45
2009-05-05,1495.0,140.0,98.8529,0.2,53.81
2009-05-06,1501.0,300.0,98.9044,0.18,56.29
2009-05-07,1477.0,40.0,98.552,0.18,56.67
2009-05-08,1484.0,230.0,98.1269,0.17,58.58
2009-05-11,1484.0,20.0,97.747,0.17,57.79
2009-05-12,1485.0,10.0,97.8269,0.16,58.81
2009-05-13,1480.0,10.0,98.0276,0.16,58.0
2009-05-14,1481.0,10.0,98.1271,0.16,58.58
2009-05-15,1487.0,80.0,98.1063,0.17,56.52
2009-05-18,1507.0,90.0,97.9412,0.16,58.99
2009-05-19,1511.0,40.0,97.2827,0.15,59.52
2009-05-20,1505.0,10.0,96.5707,0.14,61.45
2009-05-21,1512.0,10.0,96.6039,0.17,60.49
2009-05-22,1489.0,20.0,95.8788,0.17,61.15
2009-05-25,1489.0,0.0,95.8788,0.17,61.15
2009-05-26,1485.0,0.0,95.988,0.18,62.48
2009-05-27,1508.0,20.0,95.9622,0.17,63.41
2009-05-28,1491.0,10.0,96.1313,0.17,65.09
2009-05-29,1491.0,0.0,95.268,0.19,66.31
2009-06-01,1559.0,6450.0,94.8107,0.21,68.59
2009-06-02,1548.0,3230.0,94.6556,0.2,68.58
2009-06-03,1535.0,2460.0,95.0751,0.21,66.14
2009-06-04,1543.0,3160.0,95.2922,0.2,68.8
2009-06-05,1548.0,3440.0,96.0412,0.21,68.43
2009-06-08,1537.0,2810.0,96.6548,0.21,68.05
2009-06-09,1544.0,3100.0,95.9537,0.18,70.02
2009-06-10,1535.0,3930.0,96.1277,0.18,71.38
2009-06-11,1533.0,2120.0,95.4993,0.17,72.69
2009-06-12,1523.0,3470.0,95.836,0.17,72.13
2009-06-15,1446.0,7830.0,96.7519,0.22,70.54
2009-06-16,1470.0,4890.0,96.2616,0.22,70.47
2009-06-17,1441.0,3430.0,96.64,0.24,71.07
2009-06-18,1437.0,8029.999999999999,96.1482,0.25,71.42
2009-06-19,1344.0,5300.0,96.0325,0.25,69.6
2009-06-22,1349.0,6470.0,96.8818,0.24,67.09
2009-06-23,1302.0,2810.0,96.5196,0.24,68.81
2009-06-24,1297.0,3050.0,96.2369,0.21,68.14
2009-06-25,1288.0,2890.0,96.7072,0.19,69.7
2009-06-26,1270.0,1290.0,96.1935,0.18,69.16
2009-06-29,1294.0,30690.0,96.242,0.17,71.47
2009-06-30,1299.0,6350.0,96.3761,0.22,69.82
2009-07-01,1300.0,170.0,95.6581,0.2,69.32
2009-07-02,1319.0,130.0,96.3216,0.17,66.68
2009-07-03,1323.0,190.0,96.3216,0.16,66.68
2009-07-06,1331.0,80.0,96.6174,0.18,64.06
2009-07-07,1334.0,10.0,96.6321,0.18,62.88
2009-07-08,1331.0,260.0,97.0204,0.16,60.15
2009-07-09,1339.0,20.0,96.6219,0.15,60.36
2009-07-10,1350.0,30.0,97.0819,0.15,59.93
2009-07-13,1354.0,10.0,96.9995,0.13,59.69
2009-07-14,1376.0,50.0,96.6599,0.13,59.62
2009-07-15,1399.0,30.0,95.8004,0.14,61.49
2009-07-16,1401.0,30.0,95.7241,0.15,62.07
2009-07-17,1438.0,10.0,95.6036,0.15,63.56
2009-07-20,1499.0,0.0,95.0903,0.15,63.93
2009-07-21,1487.0,0.0,95.0564,0.14,64.81
2009-07-22,1468.0,0.0,94.8659,0.14,64.58
2009-07-23,1483.0,20.0,94.532,0.15,66.1
2009-07-24,1449.0,0.0,94.7046,0.15,66.96
2009-07-27,1451.0,10.0,94.6659,0.16,68.34
2009-07-28,1454.0,10.0,94.5592,0.15,67.24
2009-07-29,1464.0,0.0,95.1678,0.17,63.42
2009-07-30,1468.0,10.0,94.8967,0.17,66.9
2009-07-31,1468.0,0.0,94.2526,0.18,69.26
2009-08-03,1515.0,3280.0,93.6331,0.18,71.59
2009-08-04,1520.0,3070.0,93.7281,0.17,71.4
2009-08-05,1499.0,3120.0,93.7848,0.17,71.97
2009-08-06,1494.0,2860.0,93.9358,0.17,71.96
2009-08-07,1491.0,4490.0,94.4692,0.17,70.97
2009-08-10,1463.0,2040.0,94.6087,0.17,70.59
2009-08-11,1452.0,2580.0,94.8678,0.16,69.46
2009-08-12,1437.0,1830.0,94.5394,0.15,70.08
2009-08-13,1415.0,4650.0,94.2392,0.15,70.57
2009-08-14,1393.0,2630.0,94.475,0.15,67.51
2009-08-17,1364.0,3670.0,95.1024,0.17,66.72
2009-08-18,1360.0,2710.0,95.1118,0.17,69.22
2009-08-19,1364.0,1930.0,94.4084,0.17,72.54
2009-08-20,1344.0,2550.0,94.3492,0.17,72.4
2009-08-21,1335.0,2380.0,94.0103,0.16,73.12
2009-08-24,1316.0,24310.0,93.9345,0.16,73.68
2009-08-25,1335.0,24850.0,93.9066,0.15,71.6
2009-08-26,1399.0,3750.0,94.8662,0.15,71.38
2009-08-27,1375.0,6510.0,94.7943,0.14,72.49
2009-08-28,1373.0,6460.0,94.4489,0.14,72.72
2009-08-31,1373.0,0.0,94.6202,0.15,69.97
2009-09-01,1374.0,240.0,95.2201,0.15,68.11
2009-09-02,1411.0,90.0,95.1575,0.16,68.03
2009-09-03,1405.0,110.0,94.959,0.15,67.9
2009-09-04,1418.0,50.0,94.5811,0.15,67.95
2009-09-07,1474.0,110.0,94.5811,0.15,67.95
2009-09-08,1478.0,30.0,93.7323,0.15,71.08
2009-09-09,1479.0,0.0,93.6915,0.15,71.27
2009-09-10,1463.0,40.0,93.6947,0.16,71.95
2009-09-11,1474.0,10.0,93.3225,0.15,69.34
2009-09-14,1491.0,40.0,93.6196,0.16,68.86
2009-09-15,1488.0,10.0,93.4427,0.17,70.81
2009-09-16,1498.0,130.0,92.9072,0.17,72.5
2009-09-17,1510.0,20.0,92.8287,0.16,72.48
2009-09-18,1499.0,20.0,93.1233,0.16,71.95
2009-09-21,1465.0,10.0,93.3547,0.15,69.74
2009-09-22,1465.0,0.0,92.8664,0.15,71.5
2009-09-23,1466.0,20.0,92.979,0.15,68.74
2009-09-24,1389.0,60.0,93.4708,0.14,65.74
2009-09-25,1390.0,20.0,93.5535,0.13,65.91
2009-09-28,1390.0,10.0,93.4669,0.13,66.69
2009-09-29,1375.0,0.0,93.7776,0.11,66.56
2009-09-30,1375.0,0.0,93.1907,0.07,70.46
2009-10-01,1363.0,7340.0,93.5995,0.11,70.67
2009-10-02,1383.0,5060.0,93.6756,0.13,69.8
2009-10-05,1376.0,2240.0,93.3356,0.13,70.26
2009-10-06,1419.0,5820.0,92.619,0.12,70.71
2009-10-07,1437.0,2580.0,92.794,0.13,69.6
2009-10-08,1481.0,5900.0,92.2074,0.12,71.69
2009-10-09,1461.0,3780.0,92.2984,0.12,71.75
2009-10-12,1470.0,4770.0,92.2984,0.12,73.24
2009-10-13,1427.0,7130.0,91.8273,0.12,74.1
2009-10-14,1445.0,3150.0,91.5047,0.12,75.2
2009-10-15,1443.0,3430.0,91.4367,0.13,77.55
2009-10-16,1460.0,2730.0,91.6541,0.12,78.54
2009-10-19,1461.0,3420.0,91.4406,0.12,79.47
2009-10-20,1446.0,7070.0,91.801,0.12,78.87
2009-10-21,1450.0,2240.0,91.3805,0.11,81.03
2009-10-22,1437.0,6570.0,91.6075,0.11,80.82
2009-10-23,1363.0,4210.0,91.7331,0.11,80.11
2009-10-26,1365.0,7290.0,92.0998,0.11,78.61
2009-10-27,1394.0,13520.0,92.5335,0.11,79.45
2009-10-28,1393.0,4560.0,92.8152,0.11,77.39
2009-10-29,1406.0,16100.000000000002,92.4708,0.11,79.84
2009-10-30,1386.0,12280.0,92.6207,0.11,77.04
2009-11-02,1431.0,130.0,92.4501,0.12,78.08
2009-11-03,1414.0,80.0,92.9037,0.12,79.58
2009-11-04,1408.0,80.0,92.3725,0.13,80.3
2009-11-05,1406.0,30.0,92.3437,0.13,79.64
2009-11-06,1402.0,0.0,92.3848,0.12,77.4
2009-11-09,1370.0,30.0,91.6861,0.12,79.44
2009-11-10,1275.0,150.0,91.6659,0.13,79.01
2009-11-11,1313.0,110.0,91.6659,0.13,79.16
2009-11-12,1293.0,50.0,91.9461,0.12,77.25
2009-11-13,1285.0,20.0,91.5754,0.12,76.34
2009-11-16,1318.0,10.0,91.194,0.12,78.91
2009-11-17,1308.0,20.0,91.7419,0.12,79.08
2009-11-18,1334.0,50.0,91.249,0.11,79.55
2009-11-19,1311.0,10.0,91.7827,0.11,77.47
2009-11-20,1324.0,40.0,91.9906,0.11,76.83
2009-11-23,1334.0,90.0,91.4864,0.12,76.49
2009-11-24,1314.0,0.0,91.5539,0.12,74.88
2009-11-25,1326.0,0.0,90.9669,0.11,77.25
2009-11-26,1317.0,0.0,90.9669,0.11,77.25
2009-11-27,1318.0,0.0,91.5272,0.12,75.95
2009-11-30,1318.0,10.0,91.3717,0.13,77.19
2009-12-01,1347.0,4380.0,90.8323,0.13,78.39
2009-12-02,1336.0,2360.0,90.8906,0.13,76.62
2009-12-03,1346.0,2720.0,90.9152,0.13,76.42
2009-12-04,1320.0,4550.0,91.3806,0.12,75.41
2009-12-07,1377.0,5930.0,91.5414,0.12,73.89
2009-12-08,1355.0,2980.0,91.9513,0.12,72.59
2009-12-09,1373.0,3880.0,92.014,0.12,70.67
2009-12-10,1382.0,3460.0,92.0073,0.12,70.54
2009-12-11,1366.0,2210.0,92.2946,0.12,69.86
2009-12-14,1371.0,2110.0,92.0305,0.12,69.48
2009-12-15,1373.0,4310.0,92.3635,0.13,70.62
2009-12-16,1373.0,4290.0,92.1496,0.14,72.64
2009-12-17,1348.0,4590.0,93.225,0.13,72.58
2009-12-18,1325.0,2440.0,93.1632,0.12,73.3
2009-12-21,1305.0,4030.0000000000005,93.1632,0.12,72.71
2009-12-22,1289.0,8960.0,93.2903,0.12,73.48
2009-12-23,1295.0,2800.0,92.9295,0.11,76.03
2009-12-24,1287.0,1700.0,92.8694,0.11,76.83
2009-12-25,1286.0,0.0,92.8694,0.11,76.83
2009-12-28,1286.0,0.0,92.6993,0.12,78.67
2009-12-29,1260.0,13390.0,92.8838,0.12,78.87
2009-12-30,1277.0,13650.0,93.0872,0.11,79.35
2009-12-31,1294.0,7410.0,92.9124,0.05,79.39
2010-01-01,1335.0,0.0,92.9124,0.05,79.39
2010-01-04,1321.0,890.0,92.3566,0.12,81.52
2010-01-05,1315.0,250.0,92.2236,0.12,81.74
2010-01-06,1339.0,160.0,92.0941,0.12,83.12
2010-01-07,1348.0,140.0,92.3684,0.1,82.6
2010-01-08,1360.0,430.0,92.1485,0.11,82.74
2010-01-11,1346.0,220.0,91.5997,0.11,82.54
2010-01-12,1357.0,50.0,91.7005,0.11,80.79
2010-01-13,1359.0,40.0,91.7272,0.11,79.66
2010-01-14,1357.0,120.0,91.5864,0.11,79.35
2010-01-15,1336.0,30.0,91.7668,0.12,77.96
2010-01-18,1331.0,0.0,91.7668,0.12,77.96
2010-01-19,1328.0,0.0,91.9611,0.13,78.98
2010-01-20,1305.0,40.0,92.6766,0.13,77.42
2010-01-21,1292.0,40.0,92.6627,0.12,75.84
2010-01-22,1325.0,0.0,92.943,0.11,74.25
2010-01-25,1329.0,0.0,92.9099,0.12,74.9
2010-01-26,1312.0,0.0,93.3298,0.12,74.67
2010-01-27,1298.0,50.0,93.2835,0.12,73.64
2010-01-28,1295.0,0.0,93.2635,0.12,73.62
2010-01-29,1295.0,10.0,93.7638,0.12,72.85
2010-02-01,1322.0,3190.0,93.7321,0.14,74.41
2010-02-02,1339.0,6520.0,93.4136,0.14,77.21
2010-02-03,1324.0,2980.0,93.6268,0.13,76.96
2010-02-04,1310.0,5140.0,94.1401,0.14,73.13
2010-02-05,1295.0,5410.0,94.6218,0.13,71.15
2010-02-08,1296.0,4930.0,94.6218,0.13,71.87
2010-02-09,1300.0,5070.0,94.6218,0.13,73.71
2010-02-10,1295.0,4620.0,94.6218,0.12,74.48
2010-02-11,1300.0,4530.0,94.6218,0.12,75.23
2010-02-12,1297.0,2520.0,93.9976,0.12,74.11
2010-02-15,1286.0,1070.0,93.9976,0.12,74.11
2010-02-16,1286.0,8380.0,93.482,0.13,76.98
2010-02-17,1277.0,3480.0,93.7171,0.12,77.27
2010-02-18,1272.0,2510.0,93.8752,0.12,78.97
2010-02-19,1269.0,2940.0,93.9569,0.13,79.77
2010-02-22,1226.0,4410.0,93.7402,0.12,80.04
2010-02-23,1226.0,5460.0,93.9794,0.12,78.61
2010-02-24,1233.0,5790.0,93.9775,0.11,79.75
2010-02-25,1216.0,6560.0,94.3797,0.12,77.99
2010-02-26,1238.0,16940.0,93.6602,0.13,79.72
2010-03-01,1269.0,670.0,93.7979,0.14,78.71
2010-03-02,1252.0,330.0,93.488,0.14,79.62
2010-03-03,1254.0,120.0,92.9861,0.15,80.91
2010-03-04,1210.0,110.0,93.4079,0.16,80.21
2010-03-05,1200.0,220.0,93.2623,0.17,81.5
2010-03-08,1190.0,40.0,93.2446,0.15,81.85
2010-03-09,1219.0,40.0,93.1941,0.14,81.5
2010-03-10,1208.0,80.0,93.0426,0.14,82.07
2010-03-11,1203.0,10.0,93.0533,0.15,82.1
2010-03-12,1203.0,160.0,92.6616,0.17,81.26
2010-03-15,1201.0,80.0,92.9642,0.2,79.79
2010-03-16,1206.0,0.0,92.595,0.2,81.75
2010-03-17,1223.0,0.0,92.4446,0.18,82.93
2010-03-18,1242.0,10.0,92.7451,0.18,82.16
2010-03-19,1226.0,20.0,93.0407,0.18,80.58
2010-03-22,1241.0,0.0,93.1333,0.18,81.26
2010-03-23,1255.0,20.0,93.006,0.17,81.68
2010-03-24,1255.0,10.0,93.6468,0.17,80.29
2010-03-25,1310.0,0.0,93.5885,0.17,80.25
2010-03-26,1307.0,10.0,93.6873,0.17,79.75
2010-03-29,1339.0,10.0,93.2959,0.16,81.92
2010-03-30,1324.0,0.0,93.2627,0.16,82.14
2010-03-31,1324.0,0.0,92.8987,0.09,83.45
2010-04-01,1356.0,4870.0,92.6661,0.17,84.53
2010-04-05,1355.0,0.0,92.6644,0.2,86.36
2010-04-06,1363.0,3840.0,92.7373,0.2,86.54
2010-04-07,1345.0,6390.0,92.7452,0.19,85.64
2010-04-08,1338.0,5440.0,92.7211,0.19,85.17
2010-04-09,1340.0,5970.0,92.4772,0.19,84.6
2010-04-12,1353.0,3030.0,92.243,0.19,84.07
2010-04-13,1346.0,9680.0,92.2689,0.2,83.8
2010-04-14,1348.0,5910.0,91.9297,0.2,85.62
2010-04-15,1348.0,5300.0,92.2029,0.22,85.25
2010-04-16,1345.0,2560.0,92.5253,0.21,82.97
2010-04-19,1314.0,4240.0,92.8577,0.2,81.52
2010-04-20,1298.0,3350.0,92.4338,0.2,82.98
2010-04-21,1284.0,4130.0,92.4482,0.2,82.78
2010-04-22,1292.0,3980.0,92.7277,0.2,82.89
2010-04-23,1297.0,1530.0,92.6622,0.2,84.34
2010-04-26,1289.0,6640.0,92.5187,0.2,84.2
2010-04-27,1244.0,3770.0,93.0956,0.2,82.43
2010-04-28,1266.0,3990.0,93.4856,0.2,83.22
2010-04-29,1282.0,19320.0,92.9013,0.19,85.17
2010-04-30,1292.0,4050.0,92.8423,0.2,86.07
2010-05-03,1292.0,0.0,93.235,0.2,86.19
2010-05-04,1341.0,7890.0,93.8137,0.21,82.73
2010-05-05,1335.0,10.0,94.3968,0.21,80.0
2010-05-06,1313.0,310.0,95.3032,0.2,77.18
2010-05-07,1331.0,550.0,95.2952,0.2,75.1
2010-05-10,1337.0,60.0,94.3096,0.2,76.89
2010-05-11,1351.0,110.0,94.4305,0.2,76.37
2010-05-12,1368.0,170.0,94.5515,0.2,75.65
2010-05-13,1354.0,30.0,94.5071,0.2,74.38
2010-05-14,1328.0,90.0,95.3746,0.2,71.61
2010-05-17,1307.0,100.0,95.9795,0.21,70.08
2010-05-18,1324.0,30.0,95.6212,0.21,69.38
2010-05-19,1291.0,50.0,96.5083,0.2,69.91
2010-05-20,1289.0,30.0,96.9483,0.2,68.28
2010-05-21,1289.0,90.0,96.2911,0.2,68.03
2010-05-24,1282.0,20.0,96.6433,0.21,68.23
2010-05-25,1283.0,60.0,97.5487,0.21,64.78
2010-05-26,1290.0,20.0,97.1879,0.2,71.52
2010-05-27,1301.0,60.0,96.3611,0.2,74.56
2010-05-28,1301.0,0.0,96.3062,0.19,74.0
2010-05-31,1338.0,0.0,96.3062,0.19,74.0
2010-06-01,1349.0,5730.0,96.6123,0.2,72.7
2010-06-02,1338.0,3540.0,96.615,0.2,72.88
2010-06-03,1346.0,5790.0,96.461,0.19,74.62
2010-06-04,1336.0,9400.0,97.1688,0.19,71.43
2010-06-07,1338.0,3970.0,97.503,0.19,71.55
2010-06-08,1341.0,3820.0,97.3425,0.19,71.88
2010-06-09,1383.0,15570.0,96.8938,0.18,74.38
2010-06-10,1473.0,18500.0,96.4877,0.18,75.48
2010-06-11,1560.0,16079.999999999998,96.5616,0.18,73.89
2010-06-14,1568.0,6150.0,95.8082,0.18,74.99
2010-06-15,1551.0,3760.0,95.7049,0.19,76.84
2010-06-16,1563.0,2220.0,95.5668,0.19,77.67
2010-06-17,1540.0,2100.0,95.4973,0.19,76.82
2010-06-18,1543.0,2040.0,95.2981,0.18,77.18
2010-06-21,1538.0,4140.0,94.8505,0.17,77.84
2010-06-22,1532.0,2820.0,95.1165,0.18,77.15
2010-06-23,1551.0,850.0,95.4853,0.17,75.9
2010-06-24,1622.0,2580.0,95.6194,0.16,75.96
2010-06-25,1671.0,1960.0,95.4582,0.16,78.45
2010-06-28,1680.0,590.0,95.2696,0.17,78.26
2010-06-29,1667.0,3270.0,96.0199,0.15,75.93
2010-06-30,1699.0,2450.0,95.9934,0.09,75.59
2010-07-01,1740.0,290.0,95.8018,0.17,72.95
2010-07-02,1729.0,70.0,95.6345,0.18,72.06
2010-07-05,1688.0,50.0,95.6345,0.18,72.06
2010-07-06,1625.0,70.0,95.1069,0.18,71.96
2010-07-07,1644.0,50.0,95.1795,0.18,74.05
2010-07-08,1671.0,10.0,94.7734,0.17,75.46
2010-07-09,1682.0,10.0,94.683,0.18,76.08
2010-07-12,1680.0,0.0,94.9598,0.17,74.93
2010-07-13,1696.0,60.0,94.3856,0.17,77.16
2010-07-14,1709.0,30.0,94.3247,0.17,77.02
2010-07-15,1730.0,10.0,94.1988,0.19,76.67
2010-07-16,1741.0,50.0,94.5061,0.19,75.96
2010-07-19,1720.0,30.0,94.602,0.19,76.53
2010-07-20,1678.0,90.0,94.542,0.18,77.32
2010-07-21,1650.0,20.0,94.4496,0.18,76.27
2010-07-22,1669.0,40.0,94.1135,0.18,79.01
2010-07-23,1710.0,10.0,94.1431,0.19,78.68
2010-07-26,1703.0,20.0,93.7556,0.19,78.93
2010-07-27,1691.0,60.0,93.7583,0.19,77.46
2010-07-28,1714.0,10.0,93.7506,0.2,77.06
2010-07-29,1741.0,10.0,93.6004,0.19,78.3
2010-07-30,1741.0,10.0,93.2793,0.18,78.85
2010-08-02,1778.0,4650.0,92.7916,0.19,81.25
2010-08-03,1717.0,5060.0,92.6258,0.19,82.52
2010-08-04,1741.0,2009.9999999999998,92.731,0.19,82.49
2010-08-05,1740.0,3950.0,92.6401,0.19,82.0
2010-08-06,1718.0,3630.0,92.5915,0.18,80.67
2010-08-09,1724.0,5090.0,92.6726,0.18,81.46
2010-08-10,1708.0,2580.0,93.2197,0.18,80.24
2010-08-11,1708.0,3630.0,93.7778,0.17,78.09
2010-08-12,1735.0,5890.0,93.8905,0.18,75.68
2010-08-13,1731.0,5080.0,94.0457,0.19,75.39
2010-08-16,1730.0,6370.0,93.7902,0.2,75.17
2010-08-17,1744.0,4280.0,93.4239,0.2,75.76
2010-08-18,1712.0,5740.0,93.3719,0.19,75.39
2010-08-19,1711.0,2270.0,93.7141,0.19,74.45
2010-08-20,1751.0,3110.0,94.2087,0.2,73.45
2010-08-23,1737.0,2820.0,94.3295,0.19,72.71
2010-08-24,1600.0,11440.0,94.4362,0.19,71.24
2010-08-25,1559.0,2320.0,94.7372,0.19,72.07
2010-08-26,1563.0,7900.0,94.3523,0.19,73.36
2010-08-27,1597.0,4130.0,94.3462,0.19,75.17
2010-08-30,1597.0,0.0,94.5922,0.19,74.69
2010-08-31,1602.0,8380.0,94.7204,0.21,71.93
2010-09-01,1617.0,190.0,94.1148,0.19,73.97
2010-09-02,1611.0,50.0,94.0852,0.19,74.99
2010-09-03,1604.0,40.0,93.6952,0.19,74.52
2010-09-06,1592.0,10.0,93.6952,0.19,74.52
2010-09-07,1595.0,130.0,94.042,0.2,73.98
2010-09-08,1610.0,0.0,93.7785,0.19,74.65
2010-09-09,1574.0,20.0,93.7033,0.18,74.25
2010-09-10,1565.0,30.0,93.6768,0.18,76.4
2010-09-13,1562.0,40.0,93.0767,0.18,77.17
2010-09-14,1582.0,40.0,92.6182,0.19,76.78
2010-09-15,1620.0,20.0,92.9313,0.21,75.92
2010-09-16,1644.0,10.0,92.9108,0.21,74.58
2010-09-17,1660.0,80.0,92.9418,0.21,73.63
2010-09-20,1645.0,10.0,92.7496,0.21,74.81
2010-09-21,1660.0,290.0,92.6684,0.2,72.96
2010-09-22,1686.0,0.0,92.0647,0.21,72.98
2010-09-23,1726.0,10.0,92.0233,0.2,73.4
2010-09-24,1716.0,0.0,91.5996,0.21,74.63
2010-09-27,1725.0,0.0,91.4803,0.19,76.51
2010-09-28,1755.0,0.0,91.3493,0.19,76.15
2010-09-29,1726.0,0.0,91.1632,0.19,77.85
2010-09-30,1726.0,0.0,91.3415,0.15,79.95
2010-10-01,1725.0,3560.0,90.836,0.2,81.57
2010-10-04,1634.0,7110.0,91.0015,0.2,81.43
2010-10-05,1640.0,6570.0,90.5622,0.2,82.83
2010-10-06,1627.0,4040.0,90.1411,0.19,83.21
2010-10-07,1621.0,5340.0,90.286,0.18,81.34
2010-10-08,1655.0,3890.0,90.1133,0.18,82.66
2010-10-11,1627.0,3490.0,90.1133,0.18,82.18
2010-10-12,1653.0,7550.0,90.2203,0.18,81.67
2010-10-13,1648.0,2830.0,89.7779,0.18,83.03
2010-10-14,1650.0,2009.9999999999998,89.5228,0.19,82.71
2010-10-15,1651.0,2420.0,89.6815,0.2,81.23
2010-10-18,1652.0,2840.0,89.8484,0.19,83.06
2010-10-19,1715.0,7250.0,90.5499,0.19,79.57
2010-10-20,1818.0,24890.0,90.1446,0.19,81.93
2010-10-21,1872.0,3670.0,90.138,0.19,80.03
2010-10-22,1804.0,2880.0,90.4063,0.19,81.15
2010-10-25,1835.0,7160.0,89.9328,0.19,82.0
2010-10-26,1854.0,3150.0,90.2818,0.19,82.6
2010-10-27,1910.0,2540.0,90.8038,0.19,81.9
2010-10-28,1882.0,2570.0,90.2407,0.19,82.2
2010-10-29,1965.0,4540.0,90.0935,0.2,81.45
2010-11-01,1912.0,240.0,90.0307,0.2,82.94
2010-11-02,1923.0,140.0,89.6847,0.2,83.91
2010-11-03,1924.0,520.0,89.7079,0.2,84.45
2010-11-04,1994.0,50.0,88.9831,0.19,86.49
2010-11-05,1972.0,250.0,89.2441,0.18,86.85
2010-11-08,2036.0,30.0,89.5711,0.18,87.07
2010-11-09,2056.0,90.0,89.558,0.17,87.04
2010-11-10,1970.0,110.0,89.9056,0.17,87.77
2010-11-11,1920.0,210.0,89.9056,0.17,87.77
2010-11-12,1885.0,20.0,90.1701,0.19,84.89
2010-11-15,1909.0,20.0,90.4331,0.21,84.88
2010-11-16,1850.0,10.0,91.1102,0.21,82.33
2010-11-17,1852.0,110.0,90.9282,0.2,80.43
2010-11-18,1890.0,20.0,90.649,0.2,81.88
2010-11-19,1889.0,20.0,90.6986,0.21,81.65
2010-11-22,1827.0,20.0,90.7023,0.19,81.24
2010-11-23,1832.0,120.0,91.4318,0.2,80.79
2010-11-24,1813.0,0.0,91.2179,0.2,83.21
2010-11-25,1808.0,0.0,91.2179,0.2,83.21
2010-11-26,1800.0,0.0,91.8152,0.2,83.87
2010-11-29,1763.0,30.0,92.1997,0.2,85.73
2010-11-30,1763.0,0.0,92.1494,0.2,84.12
2010-12-01,1800.0,4810.0,91.6799,0.2,86.75
2010-12-02,1867.0,6610.0,91.2651,0.19,87.98
2010-12-03,1864.0,7950.0,90.8788,0.18,89.18
2010-12-06,1860.0,3070.0,91.0167,0.18,89.33
2010-12-07,1875.0,4500.0,90.9732,0.17,88.69
2010-12-08,1881.0,2040.0,91.3376,0.17,88.3
2010-12-09,1923.0,6370.0,91.3923,0.16,88.35
2010-12-10,1921.0,2230.0,91.2831,0.16,87.81
2010-12-13,1946.0,2420.0,90.8837,0.17,88.62
2010-12-14,1914.0,3970.0,90.764,0.19,88.33
2010-12-15,1922.0,4750.0,91.094,0.2,88.66
2010-12-16,1936.0,3730.0,91.3773,0.2,87.71
2010-12-17,1973.0,2300.0,91.5555,0.2,88.02
2010-12-20,1976.0,1970.0,91.6398,0.21,88.68
2010-12-21,1990.0,1460.0,91.519,0.2,89.3
2010-12-22,1988.0,2250.0,91.429,0.19,89.83
2010-12-23,1984.0,2009.9999999999998,91.3013,0.19,90.84
2010-12-24,1970.0,480.0,91.3013,0.19,90.84
2010-12-29,1995.0,7920.0,90.7669,0.18,91.13
2010-12-30,2065.0,2670.0,90.5146,0.19,89.85
2010-12-31,2082.0,310.0,90.5146,0.13,91.38
2011-01-03,2082.0,0.0,89.9524,0.19,91.59
2011-01-04,2072.0,300.0,90.3277,0.18,89.39
2011-01-05,1995.0,540.0,90.5715,0.18,90.3
2011-01-06,2026.0,140.0,90.9125,0.17,88.37
2011-01-07,2018.0,20.0,91.0001,0.17,88.07
2011-01-10,2050.0,20.0,91.03,0.17,89.24
2011-01-11,2105.0,90.0,90.8431,0.17,91.11
2011-01-12,2162.0,50.0,90.4111,0.16,91.85
2011-01-13,2135.0,140.0,89.9019,0.16,91.39
2011-01-14,2121.0,80.0,90.0461,0.16,91.53
2011-01-17,2135.0,0.0,90.0461,0.16,91.53
2011-01-18,2140.0,70.0,89.821,0.19,91.38
2011-01-19,2110.0,40.0,89.6948,0.18,90.85
2011-01-20,2108.0,120.0,90.1316,0.18,88.56
2011-01-21,2140.0,20.0,89.7204,0.17,88.22
2011-01-24,2107.0,50.0,89.5375,0.18,86.74
2011-01-25,2084.0,90.0,89.7279,0.17,85.08
2011-01-26,2093.0,60.0,89.5091,0.17,86.15
2011-01-27,2061.0,30.0,89.5728,0.17,84.45
2011-01-28,2100.0,70.0,89.8189,0.17,88.15
2011-01-31,2100.0,10.0,89.694,0.17,90.99
2011-02-01,2231.0,9000.0,89.1436,0.18,89.54
2011-02-02,2225.0,5020.0,89.0737,0.18,89.78
2011-02-03,2239.0,6190.0,89.2522,0.17,89.42
2011-02-04,2207.0,5800.0,89.391,0.17,87.87
2011-02-07,2215.0,3380.0,89.3556,0.17,86.3
2011-02-08,2195.0,4640.0,89.1241,0.16,85.85
2011-02-09,2221.0,9690.0,89.4166,0.15,85.59
2011-02-10,2224.0,6830.0,89.6266,0.15,85.44
2011-02-11,2216.0,8920.0,89.8784,0.15,84.39
2011-02-14,2239.0,4220.0,89.8543,0.15,83.66
2011-02-15,2252.0,5670.0,89.8871,0.16,83.13
2011-02-16,2241.0,6780.0,89.7059,0.15,83.8
2011-02-17,2257.0,6510.0,89.4102,0.15,85.05
2011-02-18,2288.0,6480.0,89.1974,0.15,85.03
2011-02-21,2342.0,1870.0,89.1974,0.15,85.03
2011-02-22,2335.0,3810.0,89.4617,0.15,92.65
2011-02-23,2319.0,3340.0,89.4186,0.15,96.04
2011-02-24,2285.0,4500.0,89.2346,0.15,95.83
2011-02-25,2288.0,4340.0,89.1664,0.15,96.52
2011-02-28,2339.0,15660.0,88.9391,0.16,97.1
2011-03-01,2337.0,1260.0,88.831,0.15,99.63
2011-03-02,2327.0,130.0,88.7317,0.16,102.27
2011-03-03,2335.0,70.0,88.637,0.15,101.92
2011-03-04,2349.0,90.0,88.4898,0.15,104.34
2011-03-07,2362.0,20.0,88.5207,0.14,105.37
2011-03-08,2420.0,10.0,88.6454,0.14,105.06
2011-03-09,2481.0,60.0,88.5328,0.14,104.39
2011-03-10,2465.0,80.0,88.8698,0.14,102.73
2011-03-11,2380.0,40.0,88.691,0.13,101.14
2011-03-14,2349.0,20.0,88.5191,0.14,101.2
2011-03-15,2338.0,70.0,88.7845,0.14,97.23
2011-03-16,2440.0,60.0,88.9785,0.14,97.99
2011-03-17,2525.0,40.0,88.6549,0.14,101.47
2011-03-18,2550.0,10.0,88.5221,0.15,101.06
2011-03-21,2575.0,10.0,88.2032,0.14,102.36
2011-03-22,2536.0,10.0,88.0665,0.14,104.53
2011-03-23,2505.0,20.0,88.3328,0.14,105.21
2011-03-24,2505.0,0.0,88.0592,0.13,105.04
2011-03-25,2540.0,10.0,88.1716,0.13,104.89
2011-03-28,2505.0,0.0,88.3058,0.13,103.54
2011-03-29,2505.0,40.0,88.3991,0.13,104.34
2011-03-30,2525.0,20.0,88.2298,0.13,103.8
2011-03-31,2525.0,130.0,88.0299,0.1,106.19
2011-04-01,2421.0,6470.0,87.7993,0.11,107.55
2011-04-04,2339.0,10050.0,87.8406,0.09,108.14
2011-04-05,2498.0,8750.0,87.7483,0.09,107.82
2011-04-06,2472.0,4100.0,87.4913,0.1,108.38
2011-04-07,2496.0,3570.0,87.532,0.1,109.82
2011-04-08,2468.0,4059.9999999999995,87.1493,0.09,112.27
2011-04-11,2427.0,5600.0,87.094,0.09,109.5
2011-04-12,2431.0,5480.0,87.2943,0.08,105.75
2011-04-13,2496.0,3500.0,87.2093,0.08,106.6
2011-04-14,2466.0,9310.0,87.0802,0.09,107.73
2011-04-15,2462.0,3990.0,87.005,0.12,109.17
2011-04-18,2414.0,6600.0,87.5081,0.1,106.7
2011-04-19,2428.0,4270.0,87.0791,0.11,107.18
2011-04-20,2454.0,6730.0,86.5642,0.1,110.84
2011-04-21,2408.0,6480.0,86.2256,0.1,111.72
2011-04-22,2411.0,0.0,86.3742,0.1,111.72
2011-04-26,2473.0,4140.0,86.2576,0.09,111.72
2011-04-27,2510.0,3120.0,86.2519,0.09,112.31
2011-04-28,2531.0,8029.999999999999,85.8419,0.09,112.38
2011-04-29,2531.0,0.0,85.5999,0.09,113.39
2011-05-03,2598.0,1670.0,85.6352,0.09,110.6
2011-05-04,2564.0,460.0,85.8917,0.09,108.79
2011-05-05,2567.0,270.0,86.508,0.09,99.89
2011-05-06,2590.0,300.0,86.4575,0.09,96.87
2011-05-09,2594.0,110.0,86.8346,0.09,100.32
2011-05-10,2567.0,210.0,86.6518,0.09,103.39
2011-05-11,2500.0,230.0,86.7195,0.09,97.88
2011-05-12,2505.0,190.0,87.0767,0.09,98.53
2011-05-13,2520.0,240.0,87.4176,0.09,99.21
2011-05-16,2463.0,380.0,87.3311,0.1,96.91
2011-05-17,2480.0,160.0,87.6307,0.09,96.4
2011-05-18,2520.0,120.0,87.295,0.1,99.52
2011-05-19,2533.0,110.0,87.2638,0.09,97.99
2011-05-20,2534.0,20.0,87.3044,0.1,99.15
2011-05-23,2527.0,340.0,87.8941,0.1,97.06
2011-05-24,2540.0,90.0,87.662,0.1,99.13
2011-05-25,2571.0,260.0,87.6136,0.09,100.78
2011-05-26,2581.0,170.0,87.5588,0.09,100.18
2011-05-27,2575.0,220.0,86.9525,0.1,100.58
2011-05-30,2575.0,0.0,86.9525,0.1,100.58
2011-05-31,2575.0,40.0,86.656,0.1,102.7
2011-06-01,2562.0,5900.0,86.5964,0.1,100.3
2011-06-02,2471.0,14700.0,86.8435,0.1,100.41
2011-06-03,2489.0,12880.0,86.4234,0.11,100.28
2011-06-06,2404.0,12330.0,86.4669,0.1,99.07
2011-06-07,2433.0,14020.0,86.3627,0.09,99.18
2011-06-08,2444.0,6150.0,86.5714,0.09,100.77
2011-06-09,2461.0,6230.0,86.5913,0.09,101.95
2011-06-10,2462.0,4110.0,87.042,0.09,99.3
2011-06-13,2423.0,4950.0,87.0579,0.1,97.2
2011-06-14,2347.0,12210.0,86.6771,0.1,99.37
2011-06-15,2387.0,11740.0,87.3342,0.1,94.83
2011-06-16,2380.0,5750.0,87.6917,0.1,94.95
2011-06-17,2302.0,5700.0,87.2179,0.1,93.02
2011-06-20,2238.0,4810.0,87.1908,0.09,93.23
2011-06-21,2258.0,3150.0,86.857,0.09,93.7
2011-06-22,2214.0,1910.0,86.8067,0.09,94.96
2011-06-23,2178.0,3170.0,87.455,0.08,90.7
2011-06-24,2282.0,3490.0,87.5014,0.08,90.89
2011-06-27,2341.0,3970.0,87.5225,0.08,90.65
2011-06-28,2455.0,4480.0,87.2178,0.08,92.9
2011-06-29,2439.0,11030.0,86.8014,0.07,94.85
2011-06-30,2453.0,28980.0,86.4786,0.07,95.3
2011-07-01,2427.0,650.0,86.3613,0.08,94.81
2011-07-04,2424.0,80.0,86.3613,0.08,94.81
2011-07-05,2423.0,110.0,86.4253,0.08,96.92
2011-07-06,2424.0,70.0,86.6825,0.07,96.67
2011-07-07,2423.0,30.0,86.4825,0.07,98.7
2011-07-08,2397.0,170.0,86.615,0.07,96.2
2011-07-11,2314.0,40.0,87.1013,0.07,95.16
2011-07-12,2241.0,40.0,87.1701,0.06,97.41
2011-07-13,2281.0,70.0,86.5697,0.06,98.04
2011-07-14,2261.0,30.0,86.5234,0.06,95.75
2011-07-15,2231.0,0.0,86.5169,0.06,97.24
2011-07-18,2208.0,0.0,86.9549,0.06,95.94
2011-07-19,2120.0,100.0,86.4386,0.06,97.49
2011-07-20,2073.0,0.0,86.2794,0.06,98.11
2011-07-21,1960.0,0.0,85.8378,0.06,98.96
2011-07-22,2029.0,0.0,85.8623,0.06,99.53
2011-07-25,2105.0,0.0,85.8006,0.06,98.97
2011-07-26,2128.0,0.0,85.4692,0.06,99.61
2011-07-27,2082.0,0.0,85.7126,0.07,97.4
2011-07-28,2039.0,10.0,85.8245,0.08,97.48
2011-07-29,2039.0,0.0,85.7282,0.11,95.68
2011-08-01,2102.0,3830.0,86.0391,0.17,94.98
2011-08-02,2120.0,6250.0,86.0533,0.16,93.78
2011-08-03,2094.0,8390.0,86.0706,0.12,91.87
2011-08-04,2045.0,7200.0,86.9299,0.09,86.75
2011-08-05,2062.0,8780.0,87.1084,0.08,86.89
2011-08-08,2050.0,6030.0,87.1873,0.11,81.27
2011-08-09,2098.0,6920.0,87.3919,0.1,79.32
2011-08-10,2133.0,7400.0,87.3792,0.1,83.05
2011-08-11,2190.0,7790.0,87.3215,0.09,85.48
2011-08-12,2248.0,7810.0,87.177,0.1,85.19
2011-08-15,2296.0,7780.0,86.7515,0.1,87.88
2011-08-16,2314.0,7970.0,86.7115,0.09,86.65
2011-08-17,2350.0,11930.0,86.5518,0.09,87.58
2011-08-18,2275.0,7290.0,87.1271,0.09,82.38
2011-08-19,2270.0,4880.0,86.8286,0.09,82.33
2011-08-22,2316.0,2770.0,87.0753,0.09,84.42
2011-08-23,2377.0,15680.0,86.9001,0.08,85.35
2011-08-24,2365.0,13270.0,87.1316,0.08,84.99
2011-08-25,2345.0,5930.0,87.2306,0.08,85.15
2011-08-26,2340.0,5200.0,87.0751,0.09,85.37
2011-08-30,2325.0,2980.0,87.001,0.08,88.9
2011-08-31,2298.0,5770.0,86.7739,0.08,88.81
2011-09-01,2295.0,260.0,86.8512,0.08,88.93
2011-09-02,2241.0,340.0,87.1797,0.08,86.45
2011-09-05,2154.0,130.0,87.1797,0.08,86.45
2011-09-06,2133.0,50.0,88.1645,0.09,85.99
2011-09-07,2134.0,110.0,87.9699,0.09,89.34
2011-09-08,2189.0,20.0,88.1162,0.09,89.05
2011-09-09,2128.0,310.0,88.9514,0.09,87.24
2011-09-12,2147.0,50.0,89.2192,0.09,88.19
2011-09-13,2101.0,50.0,89.2653,0.09,90.21
2011-09-14,2050.0,50.0,89.419,0.08,88.91
2011-09-15,2012.0,30.0,89.0647,0.09,89.4
2011-09-16,2073.0,30.0,89.1108,0.09,87.96
2011-09-19,2095.0,50.0,89.9336,0.09,85.7
2011-09-20,2104.0,10.0,89.8777,0.09,86.92
2011-09-21,2025.0,0.0,90.3453,0.08,85.77
2011-09-22,1992.0,10.0,92.075,0.08,80.29
2011-09-23,1917.0,10.0,91.6904,0.08,79.58
2011-09-26,1923.0,140.0,91.7724,0.08,79.97
2011-09-27,1956.0,0.0,90.8985,0.08,84.18
2011-09-28,1955.0,10.0,91.0227,0.08,80.94
2011-09-29,1964.0,0.0,91.3033,0.08,81.87
2011-09-30,1964.0,0.0,91.9998,0.06,78.93
2011-10-03,1929.0,5080.0,92.5128,0.08,77.34
2011-10-04,2008.0,8290.0,92.9508,0.07,75.4
2011-10-05,1990.0,6440.0,92.3008,0.07,79.41
2011-10-06,2025.0,3890.0,91.9661,0.07,82.32
2011-10-07,1955.0,6130.0,91.2469,0.07,82.7
2011-10-10,1952.0,4730.0,91.2469,0.07,85.14
2011-10-11,1890.0,6360.0,90.9162,0.07,85.54
2011-10-12,1926.0,3670.0,90.3378,0.07,85.3
2011-10-13,1983.0,3920.0,90.6603,0.07,83.96
2011-10-14,2008.0,5790.0,90.2116,0.07,86.8
2011-10-17,1935.0,6660.0,90.266,0.07,86.38
2011-10-18,1886.0,7030.0,90.5907,0.07,88.34
2011-10-19,1872.0,12150.0,90.3317,0.07,86.11
2011-10-20,1814.0,7280.0,91.1026,0.07,86.07
2011-10-21,1868.0,8130.000000000001,90.279,0.07,87.19
2011-10-24,1890.0,4430.0,89.8558,0.07,91.12
2011-10-25,1831.0,5210.0,89.9525,0.07,92.98
2011-10-26,1833.0,3250.0,90.0836,0.08,90.2
2011-10-27,1864.0,3780.0,88.7882,0.07,93.96
2011-10-28,1857.0,6940.0,88.6382,0.07,93.32
2011-10-31,1779.0,13720.0,89.2053,0.09,93.19
2011-11-01,1835.0,630.0,90.7296,0.08,92.19
2011-11-02,1819.0,6140.0,90.244,0.08,92.51
2011-11-03,1795.0,30.0,90.2961,0.09,94.07
2011-11-04,1763.0,80.0,90.3154,0.08,94.26
2011-11-07,1793.0,30.0,90.3832,0.08,95.52
2011-11-08,1799.0,40.0,90.172,0.08,96.8
2011-11-09,1791.0,70.0,90.6991,0.08,95.74
2011-11-10,1780.0,30.0,90.8588,0.08,97.78
2011-11-11,1802.0,10.0,90.8588,0.08,98.99
2011-11-14,1842.0,100.0,90.7215,0.08,98.14
2011-11-15,1844.0,10.0,91.1081,0.09,99.37
2011-11-16,1822.0,10.0,91.1237,0.08,102.59
2011-11-17,1814.0,10.0,91.1822,0.08,98.82
2011-11-18,1839.0,0.0,91.3676,0.08,97.67
2011-11-21,1830.0,0.0,91.9978,0.08,96.73
2011-11-22,1837.0,60.0,92.0193,0.08,97.76
2011-11-23,1884.0,20.0,92.7463,0.09,96.16
2011-11-24,1885.0,0.0,92.7463,0.09,96.16
2011-11-25,1890.0,30.0,93.1455,0.07,96.91
2011-11-28,1913.0,20.0,92.4983,0.08,98.21
2011-11-29,1944.0,0.0,92.2163,0.08,99.79
2011-11-30,1944.0,0.0,91.4728,0.1,100.36
2011-12-01,1993.0,5430.0,91.227,0.08,100.2
2011-12-02,1955.0,5030.0,91.3532,0.08,100.97
2011-12-05,2006.0,3420.0,91.1087,0.08,100.94
2011-12-06,2010.0,5530.0,91.2817,0.08,101.25
2011-12-07,1953.0,5330.0,91.2331,0.08,100.45
2011-12-08,1910.0,4650.0,91.668,0.07,98.35
2011-12-09,1926.0,4770.0,91.6122,0.07,99.4
2011-12-12,1885.0,5330.0,92.3375,0.07,97.77
2011-12-13,1900.0,5030.0,92.5456,0.07,100.24
2011-12-14,1871.0,4960.0,93.2176,0.07,94.92
2011-12-15,1861.0,4640.0,92.8858,0.07,93.84
2011-12-16,1853.0,3980.0,92.8252,0.07,93.55
2011-12-19,1834.0,6200.0,92.8685,0.07,93.86
2011-12-20,1847.0,4520.0,92.432,0.07,97.16
2011-12-21,1823.0,3740.0,92.5262,0.07,98.54
2011-12-22,1807.0,5550.0,92.3883,0.07,99.42
2011-12-23,1783.0,1700.0,92.3897,0.08,99.72
2011-12-25,1836.0,0.0,92.3897,0.08,99.72
2011-12-26,1836.0,0.0,92.3897,0.08,99.72
2011-12-28,1777.0,11240.0,92.8374,0.07,99.44
2011-12-29,1767.0,5100.0,92.7398,0.07,99.68
2011-12-30,1766.0,1510.0,92.4262,0.04,98.83
2012-01-02,1810.0,0.0,92.4262,0.04,98.83
2012-01-03,1800.0,1000.0,91.7551,0.07,102.96
2012-01-04,1796.0,80.0,92.0345,0.07,103.22
2012-01-05,1758.0,100.0,92.5773,0.07,101.81
2012-01-06,1704.0,260.0,92.7183,0.07,101.56
2012-01-09,1741.0,20.0,92.7418,0.08,101.31
2012-01-10,1781.0,130.0,92.2461,0.08,102.24
2012-01-11,1816.0,80.0,92.554,0.08,100.89
2012-01-12,1865.0,70.0,92.2274,0.08,99.03
2012-01-13,1817.0,20.0,92.5385,0.09,98.69
2012-01-16,1839.0,0.0,92.5385,0.09,98.69
2012-01-17,1830.0,0.0,92.0142,0.09,100.7
2012-01-18,1834.0,30.0,91.6943,0.09,100.61
2012-01-19,1863.0,0.0,91.3316,0.1,100.32
2012-01-20,1917.0,0.0,91.3661,0.09,98.15
2012-01-23,1876.0,0.0,90.986,0.09,99.47
2012-01-24,1876.0,0.0,91.181,0.09,98.84
2012-01-25,1877.0,0.0,91.277,0.08,99.23
2012-01-26,1862.0,10.0,90.3962,0.08,99.76
2012-01-27,1860.0,10.0,90.2559,0.09,99.47
2012-01-30,1838.0,10.0,90.4762,0.09,98.75
2012-01-31,1838.0,0.0,90.5538,0.11,98.46
2012-02-01,1819.0,8830.0,90.0963,0.11,97.63
2012-02-02,1800.0,6890.0,89.8765,0.11,96.36
2012-02-03,1837.0,7300.0,89.8491,0.11,97.8
2012-02-06,1831.0,2990.0,89.7907,0.11,96.89
2012-02-07,1861.0,8340.0,89.5968,0.11,98.55
2012-02-08,1878.0,5000.0,89.6555,0.11,98.8
2012-02-09,1950.0,15110.0,89.6246,0.11,99.88
2012-02-10,1994.0,10410.0,90.1024,0.12,98.68
2012-02-13,2074.0,10020.0,89.8895,0.12,100.39
2012-02-14,2110.0,8130.000000000001,90.1919,0.12,100.82
2012-02-15,2143.0,6880.0,90.1932,0.12,101.82
2012-02-16,2167.0,5000.0,90.3109,0.11,102.33
2012-02-17,2094.0,2950.0,90.23,0.09,103.27
2012-02-20,1987.0,7490.0,90.23,0.09,103.27
2012-02-21,1973.0,6710.0,90.0117,0.1,105.88
2012-02-22,1948.0,2430.0,90.2472,0.08,105.99
2012-02-23,2018.0,2250.0,90.1108,0.08,107.44
2012-02-24,2057.0,1360.0,89.9104,0.09,109.39
2012-02-27,2001.0,3140.0,89.9635,0.1,108.49
2012-02-28,2008.0,2990.0,89.8103,0.1,106.59
2012-02-29,2009.0,10650.0,89.7487,0.1,107.08
2012-03-01,2017.0,1730.0,89.7817,0.11,108.76
2012-03-02,2019.0,130.0,90.135,0.11,106.68
2012-03-05,2001.0,50.0,90.2748,0.11,106.7
2012-03-06,1952.0,1900.0,90.8237,0.11,104.71
2012-03-07,2028.0,170.0,90.6837,0.11,106.16
2012-03-08,2088.0,280.0,90.2598,0.11,106.65
2012-03-09,2050.0,140.0,90.4341,0.12,107.4
2012-03-12,1982.0,140.0,90.6643,0.12,106.34
2012-03-13,1965.0,20.0,90.5363,0.12,106.7
2012-03-14,1996.0,100.0,90.9325,0.13,105.49
2012-03-15,2027.0,20.0,90.7866,0.14,105.19
2012-03-16,2033.0,0.0,90.5245,0.15,107.03
2012-03-19,2020.0,40.0,90.292,0.15,108.09
2012-03-20,2031.0,30.0,90.6065,0.15,105.68
2012-03-21,2021.0,70.0,90.6761,0.15,106.87
2012-03-22,2000.0,50.0,90.8225,0.14,104.98
2012-03-23,2013.0,10.0,90.6156,0.14,106.43
2012-03-26,2000.0,10.0,90.3266,0.14,107.07
2012-03-27,2049.0,50.0,90.2796,0.14,107.32
2012-03-28,2048.0,30.0,90.603,0.13,105.4
2012-03-29,2031.0,50.0,90.7285,0.13,102.79
2012-03-30,2031.0,120.0,90.4593,0.09,103.03
2012-04-02,2036.0,3290.0,90.247,0.15,105.25
2012-04-03,2025.0,2980.0,90.1921,0.15,104.02
2012-04-04,1991.0,9450.0,90.8284,0.15,101.53
2012-04-05,1987.0,4130.0,90.8781,0.15,103.29
2012-04-10,1975.0,3560.0,91.2728,0.15,101.12
2012-04-11,2009.0,6820.0,91.1768,0.16,102.66
2012-04-12,1996.0,3810.0,90.7694,0.15,103.69
2012-04-13,1998.0,4170.0,91.0558,0.15,102.84
2012-04-16,1992.0,4310.0,91.2355,0.15,102.92
2012-04-17,2003.0,2800.0,90.7661,0.16,104.23
2012-04-18,2019.0,8670.0,90.9326,0.15,102.65
2012-04-19,2010.0,4180.0,91.0833,0.13,102.38
2012-04-20,2033.0,3440.0,90.8066,0.12,103.58
2012-04-23,2025.0,2500.0,91.079,0.13,102.68
2012-04-24,2025.0,1820.0,90.8153,0.14,103.1
2012-04-25,2000.0,4350.0,90.756,0.15,103.72
2012-04-26,1984.0,4950.0,90.6428,0.14,104.56
2012-04-27,1964.0,1890.0,90.3269,0.13,104.86
2012-04-30,1961.0,2160.0,90.3634,0.16,104.89
2012-05-01,1942.0,570.0,90.3227,0.16,106.17
2012-05-02,1953.0,190.0,90.6144,0.15,105.25
2012-05-03,1951.0,40.0,90.6839,0.15,102.56
2012-05-04,1995.0,80.0,91.0497,0.16,98.49
2012-05-08,2019.0,70.0,91.4107,0.16,97.13
2012-05-09,2022.0,10.0,91.7632,0.15,96.8
2012-05-10,2080.0,90.0,91.7077,0.15,97.1
2012-05-11,2100.0,20.0,91.7306,0.15,96.03
2012-05-14,2116.0,100.0,92.2491,0.16,94.75
2012-05-15,2127.0,120.0,92.5235,0.16,93.97
2012-05-16,2152.0,80.0,92.903,0.16,92.78
2012-05-17,2163.0,70.0,92.9632,0.16,92.53
2012-05-18,2185.0,30.0,93.1395,0.16,91.51
2012-05-21,2131.0,40.0,93.0945,0.16,92.57
2012-05-22,2165.0,30.0,93.1113,0.16,91.44
2012-05-23,2158.0,40.0,93.8855,0.15,89.4
2012-05-24,2200.0,0.0,93.8027,0.15,90.36
2012-05-25,2215.0,70.0,93.9488,0.15,90.64
2012-05-28,2221.0,70.0,93.9488,0.15,90.64
2012-05-29,2237.0,50.0,93.875,0.16,90.75
2012-05-30,2211.0,80.0,94.302,0.16,87.79
2012-05-31,2211.0,50.0,94.6856,0.16,86.52
2012-06-01,2158.0,9710.0,94.6979,0.16,83.17
2012-06-05,2158.0,0.0,94.6184,0.17,84.31
2012-06-06,2174.0,5200.0,94.0362,0.16,85.05
2012-06-07,2123.0,7190.0,93.774,0.16,84.78
2012-06-08,2074.0,7860.0,94.2024,0.17,84.08
2012-06-11,2062.0,4840.0,94.0369,0.17,82.58
2012-06-12,2062.0,6420.0,94.0693,0.16,83.35
2012-06-13,2090.0,6440.0,93.8309,0.17,82.56
2012-06-14,2093.0,16960.0,93.8152,0.17,83.83
2012-06-15,2095.0,3590.0,93.5203,0.18,84.03
2012-06-18,2066.0,2950.0,93.6431,0.17,83.26
2012-06-19,2082.0,4260.0,93.0524,0.17,83.99
2012-06-20,2062.0,5410.0,93.1602,0.16,81.06
2012-06-21,2059.0,1690.0,93.6378,0.17,77.91
2012-06-22,2016.0,2490.0,93.9205,0.17,79.33
2012-06-25,2012.0,3060.0,94.1757,0.17,78.76
2012-06-26,2042.0,5650.0,93.9859,0.16,79.34
2012-06-27,2062.0,1380.0,93.8728,0.15,80.27
2012-06-28,2054.0,1280.0,94.0203,0.15,77.72
2012-06-29,2103.0,1960.0,92.9096,0.09,85.04
2012-07-02,2095.0,210.0,92.951,0.18,83.72
2012-07-03,2111.0,50.0,92.6508,0.17,87.74
2012-07-04,2075.0,90.0,92.6508,0.17,87.74
2012-07-05,2065.0,190.0,93.2211,0.17,87.11
2012-07-06,2044.0,120.0,93.7087,0.17,84.37
2012-07-09,2033.0,80.0,93.6974,0.17,85.93
2012-07-10,2012.0,130.0,93.5552,0.17,83.92
2012-07-11,2020.0,20.0,93.5981,0.17,85.88
2012-07-12,2012.0,10.0,93.9298,0.18,86.02
2012-07-13,2062.0,0.0,93.5515,0.19,87.15
2012-07-16,2088.0,0.0,93.3746,0.18,88.41
2012-07-17,2082.0,10.0,93.3479,0.17,89.07
2012-07-18,2110.0,10.0,93.0973,0.16,89.88
2012-07-19,2168.0,0.0,93.0438,0.13,92.78
2012-07-20,2165.0,20.0,93.3653,0.13,91.56
2012-07-23,2150.0,40.0,93.9297,0.14,87.77
2012-07-24,2141.0,0.0,94.2635,0.15,88.28
2012-07-25,2132.0,0.0,94.0564,0.15,88.8
2012-07-26,2192.0,0.0,93.3595,0.14,89.4
2012-07-27,2229.0,0.0,92.9333,0.14,90.13
2012-07-30,2223.0,0.0,93.0524,0.14,89.8
2012-07-31,2223.0,0.0,92.8422,0.13,88.08
2012-08-01,2212.0,4170.0,92.8905,0.14,88.99
2012-08-02,2229.0,4230.0,93.4269,0.14,87.22
2012-08-03,2224.0,2940.0,92.6048,0.14,91.4
2012-08-06,2228.0,3920.0,92.4339,0.14,92.3
2012-08-07,2199.0,5170.0,92.5128,0.13,93.68
2012-08-08,2179.0,4019.9999999999995,92.5407,0.13,93.39
2012-08-09,2166.0,6110.0,92.6057,0.13,93.39
2012-08-10,2167.0,4840.0,92.5129,0.13,92.94
2012-08-13,2130.0,6880.0,92.5955,0.13,92.76
2012-08-14,2070.0,17740.0,92.6152,0.13,93.4
2012-08-15,2049.0,18360.0,92.6838,0.13,94.35
2012-08-16,2064.0,3960.0,92.5737,0.13,95.66
2012-08-17,2063.0,3000.0,92.711,0.13,96.0
2012-08-20,2065.0,2270.0,92.6263,0.13,96.03
2012-08-21,2072.0,1930.0,92.3053,0.13,96.55
2012-08-22,2043.0,2510.0,92.4362,0.13,96.89
2012-08-23,2006.0,3080.0,92.1057,0.13,95.87
2012-08-24,2018.0,1960.0,92.2785,0.13,95.78
2012-08-26,2057.0,0.0,92.2785,0.13,95.78
2012-08-27,2057.0,0.0,92.3135,0.13,95.54
2012-08-28,2034.0,2980.0,92.2033,0.13,96.3
2012-08-29,2034.0,6200.0,92.3823,0.13,95.5
2012-08-30,2024.0,3800.0,92.6239,0.14,94.61
2012-08-31,2038.0,3140.0,92.1677,0.13,96.47
2012-09-03,2066.0,230.0,92.1677,0.13,96.47
2012-09-04,2045.0,100.0,92.1582,0.14,95.34
2012-09-05,2019.0,210.0,92.1262,0.16,95.37
2012-09-06,2012.0,290.0,91.8973,0.16,95.58
2012-09-07,2049.0,130.0,91.3469,0.15,96.41
2012-09-10,2059.0,250.0,91.3102,0.15,96.52
2012-09-11,2049.0,60.0,91.0575,0.15,97.03
2012-09-12,2050.0,0.0,91.0477,0.15,97.02
2012-09-13,2059.0,50.0,90.9632,0.15,98.3
2012-09-14,2060.0,10.0,90.1436,0.16,98.94
2012-09-17,2041.0,0.0,90.2837,0.16,96.51
2012-09-18,2005.0,0.0,90.5029,0.16,95.25
2012-09-19,2010.0,0.0,90.4646,0.15,91.97
2012-09-20,2041.0,10.0,90.7631,0.16,92.14
2012-09-21,2083.0,0.0,90.5342,0.15,92.64
2012-09-24,2084.0,0.0,90.8263,0.16,91.68
2012-09-25,2144.0,10.0,90.6074,0.15,91.07
2012-09-26,2130.0,0.0,91.0028,0.15,89.92
2012-09-27,2188.0,90.0,90.7538,0.14,91.89
2012-09-28,2188.0,20.0,90.8342,0.09,92.18
2012-10-01,2179.0,4220.0,90.7011,0.15,92.44
2012-10-02,2200.0,5920.0,90.644,0.16,91.88
2012-10-03,2180.0,6310.0,90.8726,0.16,88.19
2012-10-04,2152.0,7200.0,90.4932,0.15,91.69
2012-10-05,2095.0,6910.0,90.2851,0.15,89.87
2012-10-08,2064.0,6150.0,90.2851,0.15,89.43
2012-10-09,2066.0,13810.0,90.8703,0.16,92.42
2012-10-10,2098.0,7480.0,90.883,0.16,91.24
2012-10-11,2076.0,6280.0,90.7437,0.16,92.19
2012-10-12,2052.0,7160.0,90.6833,0.16,91.83
2012-10-15,2036.0,9210.0,90.6409,0.16,91.84
2012-10-16,2039.0,7210.0,90.5583,0.16,92.07
2012-10-17,2032.0,4160.0,90.2309,0.15,92.04
2012-10-18,2021.0,4470.0,90.3804,0.15,92.0
2012-10-19,2063.0,3620.0,90.8107,0.16,90.0
2012-10-22,2058.0,1640.0,90.7911,0.15,88.3
2012-10-23,2035.0,3760.0,91.0945,0.15,86.65
2012-10-24,2039.0,900.0,91.1275,0.17,85.39
2012-10-25,2029.0,3340.0,91.02,0.16,85.59
2012-10-26,1996.0,3860.0,91.1411,0.16,85.84
2012-10-29,1989.0,6830.0,91.1411,0.17,85.52
2012-10-30,1955.0,3340.0,91.1411,0.17,85.65
2012-10-31,1940.0,4800.0,91.1609,0.18,86.23
2012-11-01,1958.0,490.0,91.1217,0.17,87.05
2012-11-02,1952.0,40.0,91.281,0.16,84.9
2012-11-05,1927.0,70.0,91.4778,0.17,85.64
2012-11-06,1903.0,180.0,91.2908,0.16,88.62
2012-11-07,1903.0,110.0,91.4514,0.16,84.5
2012-11-08,1943.0,50.0,91.5375,0.16,85.07
2012-11-09,1944.0,70.0,91.6871,0.16,86.08
2012-11-12,1951.0,20.0,91.6871,0.16,85.56
2012-11-13,1877.0,60.0,91.7356,0.16,85.38
2012-11-14,1875.0,30.0,91.7942,0.16,86.32
2012-11-15,1893.0,10.0,91.8837,0.16,85.45
2012-11-16,1899.0,10.0,92.0095,0.16,86.62
2012-11-19,1896.0,10.0,91.5653,0.16,89.05
2012-11-20,1862.0,20.0,91.556,0.16,86.46
2012-11-21,1850.0,10.0,91.6645,0.16,87.08
2012-11-22,1862.0,0.0,91.6645,0.16,87.08
2012-11-23,1850.0,10.0,91.2616,0.16,87.01
2012-11-26,1839.0,10.0,91.2789,0.16,87.28
2012-11-27,1906.0,40.0,91.2608,0.16,86.81
2012-11-28,1930.0,0.0,91.33,0.16,86.1
2012-11-29,1933.0,0.0,91.2104,0.16,87.64
2012-11-30,1933.0,0.0,91.1038,0.16,88.54
2012-12-03,1907.0,6810.0,91.0084,0.16,88.69
2012-12-04,1877.0,6740.0,90.9748,0.17,88.04
2012-12-05,1881.0,4540.0,90.9423,0.16,87.36
2012-12-06,1905.0,5570.0,91.0629,0.16,85.47
2012-12-07,1896.0,5040.0,91.0437,0.16,85.45
2012-12-10,1874.0,6080.0,90.9631,0.16,85.14
2012-12-11,1888.0,9200.0,90.8403,0.17,85.36
2012-12-12,1897.0,6850.0,90.7708,0.17,86.35
2012-12-13,1929.0,9110.0,90.776,0.16,85.39
2012-12-14,1908.0,5880.0,90.7156,0.17,86.32
2012-12-17,1863.0,5620.0,90.6193,0.16,86.71
2012-12-18,1847.0,5290.0,90.5161,0.17,87.46
2012-12-19,1877.0,4480.0,90.4896,0.17,89.09
2012-12-20,1918.0,5740.0,90.6002,0.17,89.76
2012-12-21,1933.0,2620.0,90.9597,0.17,88.2
2012-12-24,1954.0,940.0,91.0354,0.18,88.29
2012-12-26,1906.0,0.0,91.0606,0.17,90.71
2012-12-27,1960.0,2360.0,91.1037,0.17,90.91
2012-12-28,1961.0,3250.0,91.0419,0.17,90.66
2012-12-31,1963.0,530.0,91.0834,0.09,91.83
2013-01-02,1988.0,1760.0,90.6941,0.17,93.14
2013-01-03,1995.0,470.0,90.8097,0.17,92.97
2013-01-04,1997.0,540.0,91.1025,0.16,93.12
2013-01-07,2013.0,400.0,90.9852,0.16,93.2
2013-01-08,1965.0,710.0,91.057,0.15,93.21
2013-01-09,1961.0,210.0,91.0088,0.14,93.08
2013-01-10,1968.0,240.0,90.6425,0.14,93.81
2013-01-11,1994.0,70.0,90.5352,0.14,93.6
2013-01-14,2021.0,90.0,90.4935,0.14,94.27
2013-01-15,1998.0,40.0,90.5191,0.15,93.26
2013-01-16,2004.0,60.0,90.596,0.14,94.28
2013-01-17,2028.0,80.0,90.5401,0.14,95.49
2013-01-18,2026.0,40.0,90.8697,0.14,95.61
2013-01-21,2020.0,10.0,90.8697,0.14,95.61
2013-01-22,1988.0,160.0,90.7892,0.14,96.09
2013-01-23,2012.0,70.0,90.8376,0.13,95.06
2013-01-24,1996.0,0.0,90.9112,0.15,95.35
2013-01-25,1987.0,20.0,91.0868,0.14,95.15
2013-01-28,1990.0,10.0,91.2354,0.14,95.95
2013-01-29,1986.0,40.0,90.9406,0.12,97.62
2013-01-30,2018.0,610.0,90.8836,0.12,97.98
2013-01-31,2018.0,70.0,90.798,0.15,97.65
2013-02-01,2049.0,13310.0,90.6923,0.14,97.46
2013-02-04,2036.0,10150.0,90.9774,0.13,96.21
2013-02-05,2066.0,7180.0,90.881,0.13,96.68
2013-02-06,2069.0,5710.0,91.0176,0.13,96.44
2013-02-07,2098.0,13230.0,91.2912,0.13,95.84
2013-02-08,2123.0,7040.0,91.3056,0.14,95.71
2013-02-11,2078.0,7450.0,91.4451,0.14,97.01
2013-02-12,2070.0,6600.0,91.2779,0.13,97.48
2013-02-13,2066.0,4500.0,91.2709,0.14,97.03
2013-02-14,2030.0,4740.0,91.366,0.14,97.3
2013-02-15,2022.0,6080.0,91.4551,0.16,95.95
2013-02-18,2019.0,2170.0,91.4551,0.16,95.95
2013-02-19,2006.0,3590.0,91.5073,0.15,96.69
2013-02-20,2021.0,2850.0,91.6689,0.15,94.92
2013-02-21,2030.0,4910.0,92.0394,0.16,92.79
2013-02-22,2048.0,2900.0,92.1197,0.16,93.12
2013-02-25,2035.0,3600.0,92.1975,0.15,92.74
2013-02-26,2040.0,3060.0,92.4247,0.14,92.63
2013-02-27,2051.0,6780.0,92.234,0.14,92.84
2013-02-28,2058.0,5720.0,92.295,0.14,92.03
2013-03-01,2072.0,170.0,92.6177,0.14,90.71
2013-03-04,2071.0,30.0,92.6316,0.16,90.13
2013-03-05,2050.0,90.0,92.4965,0.15,90.88
2013-03-06,2085.0,60.0,92.4965,0.15,90.47
2013-03-07,2123.0,30.0,92.5462,0.16,91.53
2013-03-08,2151.0,40.0,92.6252,0.15,92.01
2013-03-11,2136.0,40.0,92.5351,0.16,92.07
2013-03-12,2161.0,20.0,92.3853,0.15,92.44
2013-03-13,2163.0,10.0,92.4709,0.14,92.47
2013-03-14,2130.0,0.0,92.4695,0.15,93.03
2013-03-15,2159.0,0.0,92.128,0.16,93.49
2013-03-18,2145.0,10.0,92.3377,0.16,93.71
2013-03-19,2124.0,70.0,92.526,0.15,92.44
2013-03-20,2105.0,50.0,92.4141,0.15,93.21
2013-03-21,2112.0,0.0,92.3322,0.16,92.46
2013-03-22,2095.0,50.0,92.2051,0.15,93.41
2013-03-25,2074.0,30.0,92.3081,0.15,94.55
2013-03-26,2057.0,0.0,92.232,0.14,95.99
2013-03-27,2023.0,60.0,92.446,0.12,96.53
2013-03-28,2023.0,0.0,92.2544,0.13,97.24
2013-04-02,2020.0,31930.0,92.1432,0.15,97.23
2013-04-03,2047.0,15830.0,92.104,0.14,95.02
2013-04-04,2015.0,9770.0,92.3896,0.14,93.26
2013-04-05,2011.0,7620.0,92.1043,0.15,92.76
2013-04-08,2008.0,5270.0,92.2317,0.15,93.36
2013-04-09,1992.0,5570.0,91.9669,0.15,94.18
2013-04-10,1987.0,7420.0,91.9598,0.15,94.59
2013-04-11,2006.0,5960.0,91.6972,0.15,93.44
2013-04-12,2030.0,3630.0,91.7967,0.15,91.23
2013-04-15,2024.0,3130.0,91.9457,0.15,88.75
2013-04-16,2030.0,6130.0,91.8451,0.15,88.73
2013-04-17,2034.0,6200.0,92.1372,0.15,86.65
2013-04-18,2043.0,5820.0,92.176,0.15,87.83
2013-04-19,2056.0,3010.0,92.2166,0.15,88.04
2013-04-22,2060.0,4580.0,92.3591,0.15,88.81
2013-04-23,1979.0,3410.0,92.3836,0.14,89.21
2013-04-24,1952.0,3190.0,92.4581,0.13,91.07
2013-04-25,1944.0,2810.0,92.0394,0.13,93.27
2013-04-26,1961.0,2720.0,91.9012,0.13,92.63
2013-04-29,1961.0,3660.0,91.6539,0.13,94.09
2013-04-30,1965.0,12350.0,91.3741,0.14,93.22
2013-05-01,1964.0,130.0,91.4331,0.14,90.74
2013-05-02,1983.0,30.0,91.6174,0.15,93.7
2013-05-03,1980.0,50.0,91.5087,0.14,95.25
2013-05-07,1960.0,510.0,91.5201,0.12,95.28
2013-05-08,1955.0,300.0,91.1848,0.12,96.24
2013-05-09,1992.0,40.0,91.3036,0.12,96.09
2013-05-10,1981.0,180.0,92.2527,0.12,95.81
2013-05-13,2005.0,10.0,92.2711,0.12,94.76
2013-05-14,2005.0,10.0,92.3697,0.11,93.96
2013-05-15,2027.0,10.0,92.7691,0.12,93.95
2013-05-16,2016.0,10.0,92.6602,0.11,94.85
2013-05-17,2007.0,10.0,93.1617,0.1,95.72
2013-05-20,1980.0,30.0,93.0359,0.1,96.29
2013-05-21,1971.0,20.0,92.9662,0.09,95.55
2013-05-22,1966.0,20.0,93.3104,0.08,93.98
2013-05-23,1954.0,110.0,93.2113,0.08,94.12
2013-05-24,1922.0,10.0,93.2768,0.09,93.84
2013-05-28,1890.0,0.0,93.5853,0.09,94.65
2013-05-29,1860.0,40.0,93.531,0.08,93.13
2013-05-30,1844.0,190.0,93.4219,0.08,93.57
2013-05-31,1844.0,0.0,93.6076,0.09,91.93
2013-06-03,1884.0,7010.0,93.163,0.1,93.41
2013-06-04,1876.0,5450.0,93.3067,0.11,93.36
2013-06-05,1852.0,8450.0,93.275,0.09,93.66
2013-06-06,1862.0,10690.0,92.809,0.1,94.71
2013-06-07,1848.0,7390.0,92.6056,0.09,96.11
2013-06-10,1845.0,8780.0,92.973,0.09,95.82
2013-06-11,1798.0,11640.0,92.7996,0.09,95.5
2013-06-12,1747.0,14100.0,92.4775,0.08,95.98
2013-06-13,1705.0,10600.0,92.3449,0.09,96.66
2013-06-14,1739.0,6740.0,92.1886,0.1,97.83
2013-06-17,1738.0,3840.0,92.3332,0.11,97.86
2013-06-18,1744.0,5120.0,92.5432,0.12,98.46
2013-06-19,1779.0,4930.0,92.4755,0.1,98.24
2013-06-20,1721.0,10370.0,94.125,0.1,94.89
2013-06-21,1735.0,3140.0,94.4243,0.1,93.81
2013-06-24,1749.0,3630.0,94.5714,0.1,95.07
2013-06-25,1732.0,3460.0,94.3285,0.09,95.25
2013-06-26,1707.0,4440.0,94.3807,0.09,95.47
2013-06-27,1729.0,2029.9999999999998,94.2429,0.09,97.0
2013-06-28,1731.0,11060.0,94.3047,0.07,96.36
2013-07-01,1755.0,160.0,94.0998,0.1,97.94
2013-07-02,1805.0,120.0,94.4051,0.1,99.65
2013-07-03,1794.0,30.0,94.4767,0.1,101.92
2013-07-04,1790.0,60.0,94.4767,0.1,101.92
2013-07-05,1787.0,10.0,95.0639,0.1,103.09
2013-07-08,1802.0,70.0,94.9954,0.1,103.03
2013-07-09,1839.0,120.0,94.9467,0.1,103.46
2013-07-10,1859.0,60.0,94.7595,0.09,106.41
2013-07-11,1855.0,60.0,93.949,0.09,104.77
2013-07-12,1855.0,10.0,94.0029,0.09,105.85
2013-07-15,1884.0,0.0,93.9729,0.09,106.2
2013-07-16,1926.0,10.0,93.5232,0.09,105.88
2013-07-17,1945.0,30.0,93.5498,0.09,106.39
2013-07-18,1945.0,0.0,93.681,0.09,107.94
2013-07-19,1943.0,0.0,93.4759,0.09,108.0
2013-07-22,1918.0,0.0,93.2253,0.09,106.61
2013-07-23,1905.0,10.0,93.1631,0.09,107.13
2013-07-24,1870.0,0.0,93.3124,0.09,105.41
2013-07-25,1883.0,0.0,93.2862,0.09,105.47
2013-07-26,1896.0,0.0,93.1695,0.09,104.76
2013-07-29,1864.0,0.0,93.1663,0.08,104.61
2013-07-30,1842.0,0.0,93.3976,0.09,103.14
2013-07-31,1842.0,0.0,93.5703,0.09,105.1
2013-08-01,1865.0,8450.0,93.7972,0.08,107.93
2013-08-02,1881.0,5910.0,93.5789,0.09,106.94
2013-08-05,1902.0,6520.0,93.507,0.08,106.61
2013-08-06,1881.0,5140.0,93.3199,0.09,105.32
2013-08-07,1902.0,4840.0,93.2652,0.09,104.41
2013-08-08,1924.0,8340.0,92.8483,0.09,103.45
2013-08-09,1963.0,7330.0,92.8394,0.08,106.04
2013-08-12,1974.0,5000.0,92.9178,0.08,106.19
2013-08-13,1932.0,7640.0,93.476,0.08,106.78
2013-08-14,1959.0,5220.0,93.382,0.09,106.89
2013-08-15,1952.0,2820.0,93.5059,0.08,107.43
2013-08-16,1913.0,4300.0,93.4255,0.09,107.58
2013-08-19,1879.0,4800.0,93.6623,0.09,107.14
2013-08-20,1858.0,3730.0,93.5536,0.09,104.9
2013-08-21,1827.0,7370.0,94.0362,0.08,103.93
2013-08-22,1781.0,5190.0,94.2804,0.09,104.93
2013-08-23,1741.0,4740.0,93.9466,0.08,106.48
2013-08-27,1751.0,2100.0,94.3934,0.07,109.11
2013-08-28,1734.0,3060.0,94.4127,0.07,110.17
2013-08-29,1730.0,2340.0,94.6398,0.08,108.51
2013-08-30,1749.0,3850.0,94.7541,0.07,107.98
2013-09-02,1733.0,80.0,94.7541,0.07,107.98
2013-09-03,1762.0,220.0,94.9574,0.09,108.67
2013-09-04,1762.0,50.0,94.5739,0.08,107.29
2013-09-05,1735.0,110.0,94.8891,0.08,108.5
2013-09-06,1740.0,60.0,94.2487,0.08,110.62
2013-09-09,1728.0,50.0,94.0009,0.08,109.62
2013-09-10,1720.0,40.0,93.938,0.08,107.48
2013-09-11,1747.0,50.0,93.7112,0.08,107.65
2013-09-12,1728.0,160.0,93.5903,0.08,108.72
2013-09-13,1717.0,300.0,93.6666,0.08,108.31
2013-09-16,1700.0,0.0,93.2875,0.08,106.54
2013-09-17,1656.0,10.0,93.2231,0.08,105.36
2013-09-18,1650.0,10.0,93.2569,0.08,108.23
2013-09-19,1657.0,0.0,92.4082,0.09,106.26
2013-09-20,1651.0,0.0,92.6049,0.08,104.7
2013-09-23,1661.0,0.0,92.613,0.09,103.62
2013-09-24,1685.0,0.0,92.7691,0.09,103.22
2013-09-25,1680.0,0.0,92.7675,0.08,102.68
2013-09-26,1634.0,0.0,93.0096,0.08,103.1
2013-09-27,1582.0,0.0,92.9747,0.08,102.86
2013-09-30,1582.0,0.0,92.9207,0.06,102.36
2013-10-01,1636.0,9970.0,92.9515,0.08,102.09
2013-10-02,1669.0,11100.0,92.772,0.07,104.15
2013-10-03,1703.0,6440.0,92.7461,0.08,103.29
2013-10-04,1709.0,11510.0,92.6469,0.08,103.83
2013-10-07,1709.0,10080.0,92.6725,0.08,103.07
2013-10-08,1696.0,5670.0,92.7558,0.08,103.54
2013-10-09,1722.0,7800.0,93.0829,0.09,101.63
2013-10-10,1736.0,7570.0,92.8579,0.09,103.08
2013-10-11,1733.0,9280.0,92.854,0.1,102.17
2013-10-14,1734.0,5740.0,92.854,0.1,102.46
2013-10-15,1679.0,9850.0,92.7642,0.1,101.15
2013-10-16,1655.0,5650.0,92.6819,0.11,102.34
2013-10-17,1639.0,8400.0,92.0246,0.1,100.72
2013-10-18,1631.0,4730.0,91.9989,0.1,100.87
2013-10-21,1602.0,5170.0,92.2498,0.09,99.28
2013-10-22,1606.0,7210.0,91.9563,0.08,97.63
2013-10-23,1613.0,3290.0,92.0947,0.08,96.9
2013-10-24,1599.0,3400.0,92.1867,0.08,96.65
2013-10-25,1559.0,2360.0,92.1623,0.08,97.4
2013-10-28,1499.0,2850.0,92.1872,0.08,98.74
2013-10-29,1486.0,4120.0,92.301,0.08,98.29
2013-10-30,1488.0,4019.9999999999995,92.3057,0.08,96.81
2013-10-31,1460.0,1590.0,92.731,0.07,96.29
2013-11-01,1475.0,260.0,93.155,0.08,94.56
2013-11-04,1479.0,60.0,92.9359,0.08,94.58
2013-11-05,1467.0,40.0,93.2112,0.08,93.4
2013-11-06,1444.0,10.0,93.0943,0.08,94.74
2013-11-07,1450.0,50.0,93.4003,0.08,94.25
2013-11-08,1466.0,0.0,93.6619,0.08,94.56
2013-11-11,1488.0,0.0,93.6619,0.08,95.13
2013-11-12,1485.0,0.0,93.7651,0.08,93.12
2013-11-13,1455.0,0.0,93.4848,0.08,93.91
2013-11-14,1437.0,150.0,93.4328,0.09,93.76
2013-11-15,1506.0,210.0,93.2854,0.09,93.8
2013-11-18,1559.0,0.0,92.9824,0.09,93.03
2013-11-19,1556.0,0.0,93.0649,0.09,93.35
2013-11-20,1567.0,0.0,93.2501,0.09,93.34
2013-11-21,1587.0,0.0,93.5638,0.09,95.35
2013-11-22,1564.0,0.0,93.4198,0.09,94.53
2013-11-25,1554.0,0.0,93.5539,0.09,93.86
2013-11-26,1581.0,50.0,93.5226,0.09,93.41
2013-11-27,1601.0,30.0,93.6864,0.09,92.05
2013-11-28,1623.0,0.0,93.6864,0.09,92.05
2013-11-29,1623.0,10.0,93.6291,0.07,92.55
2013-12-02,1658.0,9270.0,93.8856,0.09,93.61
2013-12-03,1733.0,14430.0,93.8251,0.09,95.83
2013-12-04,1697.0,13650.0,93.8997,0.09,96.97
2013-12-05,1686.0,7310.0,93.4954,0.09,97.14
2013-12-06,1721.0,3610.0,93.4045,0.09,97.48
2013-12-09,1769.0,8980.0,93.1444,0.09,97.1
2013-12-10,1849.0,11210.0,93.1444,0.09,98.32
2013-12-11,1790.0,5840.0,93.0842,0.08,97.25
2013-12-12,1821.0,7820.0,93.4292,0.09,97.21
2013-12-13,1816.0,5350.0,93.3568,0.08,96.27
2013-12-16,1771.0,5160.0,93.2175,0.09,97.18
2013-12-17,1718.0,7260.0,93.302,0.09,96.99
2013-12-18,1705.0,4750.0,93.4207,0.09,97.59
2013-12-19,1690.0,2560.0,93.7368,0.09,98.4
2013-12-20,1704.0,5500.0,93.7211,0.09,99.11
2013-12-23,1700.0,1470.0,93.572,0.09,98.62
2013-12-24,1694.0,210.0,93.6734,0.08,98.87
2013-12-26,1693.0,0.0,93.766,0.08,99.18
2013-12-27,1710.0,1740.0,93.7018,0.08,99.94
2013-12-30,1696.0,3090.0,93.4866,0.08,98.9
2013-12-31,1685.0,580.0,93.5576,0.07,98.17
2014-01-01,1679.0,0.0,93.5576,0.07,98.17
2014-01-02,1625.0,410.0,93.8192,0.08,95.14
2014-01-03,1660.0,40.0,93.853,0.08,93.66
2014-01-06,1707.0,30.0,93.9109,0.08,93.12
2014-01-07,1728.0,60.0,94.0398,0.07,93.31
2014-01-08,1725.0,10.0,94.2181,0.07,91.9
2014-01-09,1743.0,60.0,94.3299,0.07,91.36
2014-01-10,1757.0,40.0,94.0045,0.07,92.39
2014-01-13,1751.0,120.0,93.899,0.07,91.45
2014-01-14,1744.0,70.0,94.0303,0.07,92.15
2014-01-15,1720.0,310.0,94.341,0.07,93.78
2014-01-16,1749.0,70.0,94.5507,0.07,93.54
2014-01-17,1725.0,520.0,94.5846,0.07,93.96
2014-01-20,1715.0,110.0,94.5846,0.07,93.96
2014-01-21,1717.0,80.0,94.679,0.07,94.51
2014-01-22,1696.0,20.0,94.8479,0.07,96.35
2014-01-23,1720.0,0.0,94.8415,0.07,97.23
2014-01-24,1725.0,0.0,94.8555,0.07,96.66
2014-01-27,1736.0,0.0,94.9059,0.07,95.82
2014-01-28,1738.0,50.0,94.88,0.07,97.49
2014-01-29,1761.0,0.0,94.8621,0.07,97.34
2014-01-30,1819.0,10.0,95.1294,0.07,98.25
2014-01-31,1819.0,0.0,95.1774,0.07,97.55
2014-02-03,1867.0,15850.0,95.2469,0.07,96.44
2014-02-04,1809.0,15230.0,95.0438,0.07,97.24
2014-02-05,1857.0,8430.0,95.0285,0.07,97.4
2014-02-06,1860.0,6470.0,94.7177,0.07,97.84
2014-02-07,1776.0,9530.0,94.7457,0.06,99.98
2014-02-10,1796.0,8160.0,94.7189,0.07,100.12
2014-02-11,1813.0,5830.0,94.6377,0.06,99.96
2014-02-12,1822.0,3650.0,94.6209,0.07,100.38
2014-02-13,1824.0,3630.0,94.6209,0.06,100.27
2014-02-14,1810.0,2540.0,94.2711,0.06,100.31
2014-02-17,1825.0,1770.0,94.2711,0.06,100.31
2014-02-18,1881.0,5450.0,94.1934,0.07,102.54
2014-02-19,1982.0,5230.0,94.38,0.07,103.46
2014-02-20,1975.0,7080.0,94.6571,0.07,103.2
2014-02-21,1981.0,2440.0,94.6571,0.07,102.53
2014-02-24,2024.0,2620.0,94.4042,0.07,103.17
2014-02-25,2038.0,2370.0,94.4735,0.07,102.2
2014-02-26,2021.0,2620.0,94.7754,0.07,102.93
2014-02-27,2099.0,2080.0,94.6722,0.07,102.68
2014-02-28,2118.0,10100.0,94.3879,0.06,102.88
2014-03-03,2155.0,530.0,94.3879,0.07,105.34
2014-03-04,2111.0,300.0,94.6568,0.07,103.64
2014-03-05,2113.0,70.0,94.4679,0.08,101.75
2014-03-06,2134.0,180.0,93.9858,0.08,101.82
2014-03-07,2157.0,100.0,94.2532,0.08,102.82
2014-03-10,2196.0,110.0,94.3731,0.08,101.39
2014-03-11,2245.0,150.0,94.387,0.08,100.29
2014-03-12,2251.0,230.0,94.462,0.08,98.29
2014-03-13,2245.0,80.0,94.1872,0.08,98.57
2014-03-14,2241.0,90.0,94.243,0.08,99.23
2014-03-17,2225.0,140.0,94.243,0.08,98.43
2014-03-18,2201.0,40.0,94.2631,0.08,100.08
2014-03-19,2150.0,20.0,94.3752,0.08,100.71
2014-03-20,2097.0,0.0,94.9986,0.08,99.68
2014-03-21,2099.0,20.0,94.8547,0.08,99.97
2014-03-24,2148.0,120.0,94.759,0.09,100.05
2014-03-25,2139.0,80.0,94.6379,0.09,99.66
2014-03-26,2145.0,150.0,94.5281,0.08,100.61
2014-03-27,2143.0,30.0,94.3315,0.08,101.25
2014-03-28,2154.0,180.0,94.3683,0.08,101.73
2014-03-31,2154.0,10.0,94.2432,0.06,101.57
2014-04-01,2024.0,14790.0,94.1244,0.08,99.69
2014-04-02,2020.0,11460.0,94.3103,0.09,99.6
2014-04-03,2016.0,7320.0,94.512,0.08,100.29
2014-04-04,2085.0,8550.0,94.2191,0.08,101.16
2014-04-07,2124.0,7880.0,94.0881,0.09,100.43
2014-04-08,2174.0,7700.0,93.6579,0.08,102.57
2014-04-09,2141.0,5480.0,93.6716,0.08,103.55
2014-04-10,2162.0,7010.0,93.5123,0.08,103.37
2014-04-11,2141.0,6220.0,93.6395,0.09,103.68
2014-04-14,2132.0,4580.0,93.8046,0.09,104.05
2014-04-15,2121.0,5520.0,93.9486,0.1,103.7
2014-04-16,2064.0,11040.0,93.9461,0.09,103.71
2014-04-17,2118.0,4350.0,93.8936,0.09,104.33
2014-04-22,2146.0,7610.0,94.0802,0.1,101.69
2014-04-23,2152.0,5550.0,94.149,0.1,101.47
2014-04-24,2152.0,2330.0,94.1294,0.1,102.2
2014-04-25,2136.0,1960.0,94.1623,0.09,100.85
2014-04-28,2120.0,2890.0,94.1374,0.09,101.13
2014-04-29,2130.0,2400.0,94.0295,0.1,101.56
2014-04-30,2167.0,6280.0,93.8896,0.09,100.07
2014-05-01,2178.0,120.0,93.8707,0.09,99.69
2014-05-02,2149.0,100.0,93.8182,0.09,100.09
2014-05-05,2149.0,0.0,93.7334,0.09,99.74
2014-05-06,2152.0,150.0,93.4324,0.09,99.81
2014-05-07,2148.0,90.0,93.4337,0.08,101.06
2014-05-08,2136.0,70.0,93.3686,0.08,100.52
2014-05-09,2098.0,70.0,93.6614,0.08,100.32
2014-05-12,2135.0,40.0,93.6537,0.08,100.89
2014-05-13,2096.0,160.0,93.6755,0.09,102.01
2014-05-14,2095.0,10.0,93.5968,0.08,102.63
2014-05-15,2138.0,10.0,93.7065,0.09,101.74
2014-05-16,2051.0,10.0,93.6073,0.09,102.31
2014-05-19,2042.0,20.0,93.502,0.09,102.95
2014-05-20,2041.0,30.0,93.6699,0.09,102.8
2014-05-21,1992.0,20.0,93.7629,0.09,104.31
2014-05-22,2001.0,30.0,93.6944,0.09,104.03
2014-05-23,1999.0,40.0,93.7042,0.09,105.01
2014-05-26,1999.0,0.0,93.7042,0.09,105.01
2014-05-27,1965.0,10.0,93.8418,0.09,104.78
2014-05-28,1906.0,10.0,93.8793,0.09,103.37
2014-05-29,1948.0,0.0,93.6973,0.09,104.26
2014-05-30,1948.0,30.0,93.7606,0.08,103.4
2014-06-02,1933.0,7690.0,94.0006,0.09,103.07
2014-06-03,1895.0,8029.999999999999,94.0536,0.1,103.34
2014-06-04,1897.0,5500.0,94.1239,0.09,103.27
2014-06-05,1899.0,3960.0,93.9732,0.09,103.17
2014-06-06,1906.0,4960.0,93.9069,0.09,103.32
2014-06-09,1883.0,3900.0,93.9628,0.09,105.09
2014-06-10,1875.0,7220.0,94.0638,0.09,105.02
2014-06-11,1944.0,9770.0,93.9744,0.09,105.04
2014-06-12,1957.0,6540.0,93.8155,0.09,107.2
2014-06-13,1983.0,8580.0,93.9168,0.1,107.49
2014-06-16,1983.0,5370.0,93.8639,0.1,107.52
2014-06-17,1956.0,5520.0,94.0829,0.1,106.95
2014-06-18,1974.0,7250.0,94.0525,0.1,106.64
2014-06-19,1959.0,6180.0,93.752,0.1,107.08
2014-06-20,1990.0,4050.0,93.7591,0.1,107.95
2014-06-23,1967.0,4340.0,93.628,0.1,106.83
2014-06-24,1954.0,3530.0,93.7093,0.1,106.64
2014-06-25,1994.0,6950.0,93.5851,0.1,107.04
2014-06-26,2008.0,2860.0,93.5471,0.1,106.49
2014-06-27,2026.0,10840.0,93.3983,0.1,106.46
2014-06-30,1998.0,3590.0,93.2058,0.09,106.07
2014-07-01,2007.0,140.0,93.1365,0.1,106.06
2014-07-02,2047.0,2460.0,93.2478,0.1,105.18
2014-07-03,2065.0,580.0,93.3149,0.09,104.76
2014-07-04,2053.0,140.0,93.3149,0.09,104.76
2014-07-07,2038.0,70.0,93.3803,0.1,104.19
2014-07-08,2065.0,100.0,93.323,0.09,104.06
2014-07-09,2058.0,70.0,93.228,0.09,102.93
2014-07-10,2012.0,130.0,93.3152,0.09,103.61
2014-07-11,2000.0,80.0,93.4171,0.09,101.48
2014-07-14,2026.0,620.0,93.4101,0.09,101.73
2014-07-15,2025.0,20.0,93.5796,0.09,100.56
2014-07-16,2012.0,40.0,93.5991,0.09,101.88
2014-07-17,2002.0,0.0,93.6586,0.09,103.84
2014-07-18,2005.0,0.0,93.6608,0.09,103.83
2014-07-21,2025.0,20.0,93.6069,0.1,105.34
2014-07-22,1998.0,0.0,93.6306,0.09,104.59
2014-07-23,1999.0,80.0,93.5951,0.09,103.81
2014-07-24,2041.0,630.0,93.6836,0.09,102.76
2014-07-25,2024.0,0.0,93.8294,0.09,105.23
2014-07-28,2036.0,190.0,93.83,0.09,105.68
2014-07-29,2034.0,0.0,94.0443,0.09,104.91
2014-07-30,2047.0,160.0,94.3473,0.09,104.29
2014-07-31,2047.0,30.0,94.4467,0.08,98.23
2014-08-01,2097.0,9090.0,94.4754,0.09,97.86
2014-08-04,2007.0,9060.0,94.448,0.09,98.26
2014-08-05,2009.0,3880.0,94.6754,0.09,97.34
2014-08-06,1992.0,4390.0,94.6092,0.09,96.93
2014-08-07,1968.0,5120.0,94.6364,0.09,97.34
2014-08-08,1948.0,7820.0,94.6027,0.09,97.61
2014-08-11,1986.0,6740.0,94.4767,0.09,98.09
2014-08-12,1964.0,4760.0,94.5211,0.09,97.36
2014-08-13,1965.0,4260.0,94.4681,0.09,97.57
2014-08-14,1945.0,3850.0,94.3508,0.09,95.54
2014-08-15,1951.0,4610.0,94.2941,0.09,97.3
2014-08-18,1950.0,6550.0,94.2519,0.09,96.44
2014-08-19,1941.0,4150.0,94.4356,0.09,94.35
2014-08-20,1964.0,6300.0,94.5937,0.09,96.4
2014-08-21,1982.0,4670.0,94.673,0.09,93.97
2014-08-22,1986.0,5900.0,94.8012,0.09,93.61
2014-08-25,1986.0,0.0,94.9159,0.09,95.39
2014-08-26,2007.0,8290.0,94.8617,0.09,95.78
2014-08-27,2030.0,5060.0,94.6863,0.09,95.82
2014-08-28,2036.0,12480.0,94.6947,0.09,96.44
2014-08-29,2033.0,4640.0,94.7251,0.07,97.86
2014-09-01,2059.0,260.0,94.7251,0.07,97.86
2014-09-02,2090.0,240.0,95.063,0.09,92.92
2014-09-03,2048.0,20.0,94.8709,0.09,95.5
2014-09-04,2069.0,40.0,95.2641,0.09,94.51
2014-09-05,2061.0,50.0,95.2203,0.09,93.32
2014-09-08,2051.0,30.0,95.4167,0.09,92.64
2014-09-09,2046.0,10.0,95.8811,0.09,92.73
2014-09-10,1996.0,460.0,95.8641,0.09,91.71
2014-09-11,1970.0,30.0,95.9184,0.09,92.89
2014-09-12,1975.0,0.0,96.0748,0.09,92.18
2014-09-15,1955.0,20.0,96.1195,0.09,92.86
2014-09-16,1964.0,490.0,95.8483,0.09,94.91
2014-09-17,1956.0,0.0,95.9106,0.09,94.33
2014-09-18,1966.0,0.0,96.1284,0.09,93.07
2014-09-19,1930.0,30.0,96.3417,0.09,92.43
2014-09-22,1930.0,0.0,96.4625,0.09,91.46
2014-09-23,1930.0,4170.0,96.5112,0.09,91.55
2014-09-24,1973.0,0.0,96.6574,0.09,93.6
2014-09-25,1948.0,10.0,96.8988,0.09,93.59
2014-09-26,1959.0,0.0,97.208,0.09,95.55
2014-09-29,1968.0,10.0,97.3523,0.08,94.53
2014-09-30,1968.0,9020.0,97.5261,0.07,91.17
2014-10-01,2054.0,13160.0,97.5387,0.09,90.74
2014-10-02,2053.0,12030.0,97.3062,0.09,91.02
2014-10-03,2080.0,4980.0,97.9846,0.09,89.76
2014-10-06,2165.0,14180.0,97.5513,0.09,90.33
2014-10-07,2176.0,5650.0,97.4459,0.09,88.89
2014-10-08,2151.0,4690.0,97.4945,0.09,87.29
2014-10-09,2181.0,7300.0,97.1711,0.08,85.76
2014-10-10,2159.0,6570.0,97.4144,0.09,85.87
2014-10-13,2169.0,5020.0,97.4144,0.09,85.73
2014-10-14,2155.0,6840.0,97.3943,0.09,81.72
2014-10-15,2155.0,4900.0,97.3532,0.09,81.82
2014-10-16,2154.0,4440.0,97.2869,0.09,82.33
2014-10-17,2117.0,2510.0,97.3067,0.09,82.8
2014-10-20,2049.0,2910.0,97.2874,0.09,82.76
2014-10-21,2046.0,2930.0,97.2488,0.09,83.25
2014-10-22,2025.0,2110.0,97.459,0.09,80.52
2014-10-23,2008.0,2220.0,97.6047,0.09,82.81
2014-10-24,2027.0,2660.0,97.4772,0.09,81.27
2014-10-27,2012.0,2790.0,97.5423,0.09,81.26
2014-10-28,2022.0,1860.0,97.2173,0.09,81.36
2014-10-29,2042.0,2660.0,97.0145,0.09,82.25
2014-10-30,2036.0,2250.0,97.456,0.09,81.06
2014-10-31,2048.0,2410.0,98.1163,0.07,80.53
2014-11-03,2073.0,1170.0,98.5336,0.09,78.77
2014-11-04,2039.0,380.0,98.5576,0.1,77.15
2014-11-05,2026.0,430.0,98.8086,0.09,78.71
2014-11-06,2006.0,80.0,99.1325,0.09,77.87
2014-11-07,2018.0,140.0,99.0236,0.09,78.71
2014-11-10,2022.0,60.0,98.9305,0.09,77.43
2014-11-11,2031.0,150.0,98.9305,0.09,77.85
2014-11-12,2038.0,40.0,98.8897,0.09,77.16
2014-11-13,2075.0,70.0,99.1045,0.09,74.13
2014-11-14,2074.0,50.0,99.0917,0.09,75.91
2014-11-17,2065.0,20.0,99.2188,0.1,75.64
2014-11-18,2068.0,40.0,99.0185,0.11,74.55
2014-11-19,2088.0,80.0,99.2424,0.1,74.55
2014-11-20,2075.0,0.0,99.2554,0.1,75.63
2014-11-21,2076.0,0.0,99.2894,0.1,76.52
2014-11-24,2097.0,4650.0,99.4227,0.1,75.74
2014-11-25,2095.0,30.0,99.2837,0.1,74.04
2014-11-26,2095.0,20.0,99.1893,0.1,73.7
2014-11-27,2096.0,30.0,99.1893,0.1,73.7
2014-11-28,2096.0,4070.0000000000005,100.0719,0.08,65.94
2014-12-01,2063.0,9530.0,99.8964,0.13,68.98
2014-12-02,2034.0,10820.0,100.4478,0.12,66.99
2014-12-03,2051.0,6920.0,100.5696,0.12,67.3
2014-12-04,2048.0,2080.0,100.3931,0.12,66.73
2014-12-05,2038.0,5550.0,101.0989,0.12,65.89
2014-12-08,2014.0,6560.0,101.31,0.12,63.13
2014-12-09,1994.0,6550.0,100.8095,0.12,63.74
2014-12-10,1975.0,7170.0,101.0212,0.12,60.99
2014-12-11,1938.0,5480.0,101.4448,0.12,60.01
2014-12-12,1944.0,4130.0,101.3735,0.12,57.81
2014-12-15,1936.0,3370.0,101.674,0.11,55.96
2014-12-16,1937.0,2940.0,101.526,0.12,55.97
2014-12-17,1915.0,5410.0,101.5527,0.13,56.43
2014-12-18,1912.0,2810.0,101.7531,0.13,54.18
2014-12-19,1896.0,3910.0,102.0483,0.13,56.91
2014-12-22,1854.0,4940.0,101.9942,0.13,55.25
2014-12-23,1872.0,2850.0,102.348,0.13,56.78
2014-12-24,1864.0,1040.0,102.3028,0.13,55.7
2014-12-26,1864.0,0.0,102.3028,0.13,54.59
2014-12-29,1835.0,1330.0,102.3767,0.13,53.46
2014-12-30,1871.0,3030.0,102.1019,0.13,54.14
2014-12-31,1893.0,430.0,102.2843,0.06,53.45
2015-01-02,1838.0,120.0,102.9027,0.12,52.72
2015-01-05,1889.0,240.0,103.4976,0.12,50.05
2015-01-06,1934.0,30.0,103.2938,0.12,47.98
2015-01-07,1961.0,140.0,103.6316,0.12,48.69
2015-01-08,1935.0,90.0,103.2799,0.12,48.8
2015-01-09,1933.0,30.0,103.1213,0.12,48.35
2015-01-12,1953.0,40.0,103.2372,0.12,46.06
2015-01-13,1942.0,20.0,103.27,0.12,45.92
2015-01-14,1968.0,10.0,103.0903,0.12,48.49
2015-01-15,1973.0,0.0,103.0829,0.12,46.37
2015-01-16,1941.0,20.0,103.2189,0.13,48.49
2015-01-19,1939.0,40.0,103.2189,0.13,48.49
2015-01-20,1918.0,10.0,103.5233,0.12,46.79
2015-01-21,1917.0,10.0,103.7858,0.12,47.85
2015-01-22,1913.0,10.0,103.9271,0.12,45.93
2015-01-23,1903.0,10.0,104.3676,0.12,45.26
2015-01-26,1924.0,40.0,104.4818,0.12,44.8
2015-01-27,1959.0,4680.0,104.1646,0.11,45.84
2015-01-28,1963.0,20.0,104.4737,0.12,44.08
2015-01-29,1921.0,20.0,105.2763,0.11,44.12
2015-01-30,1921.0,5020.0,105.5884,0.06,47.79
2015-02-02,1917.0,5980.0,105.2058,0.12,49.25
2015-02-03,1907.0,5030.0,104.6063,0.12,53.04
2015-02-04,1931.0,4780.0,104.785,0.11,48.45
2015-02-05,1922.0,2890.0,104.4915,0.12,50.48
2015-02-06,1933.0,2840.0,105.1283,0.11,51.66
2015-02-09,1944.0,4960.0,104.9889,0.12,52.99
2015-02-10,1937.0,7010.0,105.2897,0.12,50.06
2015-02-11,1942.0,4810.0,105.7901,0.12,48.8
2015-02-12,1988.0,9450.0,104.9385,0.12,51.17
2015-02-13,2009.0,6740.0,104.8452,0.12,52.66
2015-02-16,2041.0,3870.0,104.8452,0.12,52.66
2015-02-17,1993.0,5300.0,104.8452,0.12,53.56
2015-02-18,1975.0,10150.0,105.2514,0.12,52.13
2015-02-19,1957.0,2290.0,105.1407,0.12,51.12
2015-02-20,1942.0,1110.0,105.3387,0.12,49.95
2015-02-23,1915.0,2230.0,105.5359,0.11,49.56
2015-02-24,1884.0,4690.0,105.5472,0.11,48.48
2015-02-25,1850.0,7870.0,105.0503,0.11,50.25
2015-02-26,1834.0,5330.0,105.5021,0.11,47.65
2015-02-27,1871.0,2620.0,105.5981,0.06,49.84
2015-03-02,1867.0,120.0,105.8151,0.12,49.59
2015-03-03,1858.0,40.0,105.5562,0.12,50.43
2015-03-04,1834.0,60.0,106.1333,0.11,51.53
2015-03-05,1840.0,70.0,106.1333,0.11,50.76
2015-03-06,1847.0,30.0,107.4337,0.12,49.61
2015-03-09,1848.0,0.0,107.5199,0.12,49.95
2015-03-10,1831.0,10.0,108.1165,0.12,48.42
2015-03-11,1803.0,70.0,108.5235,0.11,48.06
2015-03-12,1751.0,60.0,108.1741,0.11,47.12
2015-03-13,1686.0,10.0,108.9174,0.11,44.88
2015-03-16,1739.0,10.0,108.6422,0.12,43.93
2015-03-17,1754.0,6030.0,108.5805,0.12,43.39
2015-03-18,1795.0,10190.0,108.408,0.11,44.63
2015-03-19,1791.0,8480.0,108.1826,0.12,44.02
2015-03-20,1796.0,100.0,107.1671,0.12,46.0
2015-03-23,1813.0,10.0,106.5022,0.12,47.4
2015-03-24,1793.0,6360.0,106.4401,0.11,47.03
2015-03-25,1791.0,10.0,106.2636,0.12,48.75
2015-03-26,1791.0,4680.0,106.5582,0.11,51.41
2015-03-27,1763.0,0.0,106.8916,0.12,48.83
2015-03-30,1697.0,8850.0,107.3941,0.12,48.66
2015-03-31,1697.0,9220.0,107.4396,0.06,47.72
2015-04-01,1750.0,8940.0,107.06,0.12,50.12
2015-04-02,1778.0,6830.0,106.6738,0.12,49.13
2015-04-06,1778.0,0.0,105.7876,0.13,52.08
2015-04-07,1806.0,5480.0,106.4488,0.12,53.95
2015-04-08,1790.0,7500.0,106.4231,0.12,50.44
2015-04-09,1791.0,4010.0,107.0335,0.12,50.79
2015-04-10,1813.0,8189.999999999999,107.4526,0.12,51.63
2015-04-13,1789.0,9200.0,107.7508,0.13,51.95
2015-04-14,1793.0,8020.0,107.0547,0.13,53.3
2015-04-15,1794.0,8930.0,107.1855,0.13,56.25
2015-04-16,1796.0,16950.0,106.2761,0.13,56.69
2015-04-17,1799.0,4220.0,106.329,0.13,55.71
2015-04-20,1804.0,3010.0,106.4902,0.13,56.37
2015-04-21,1801.0,5010.0,106.5582,0.13,55.58
2015-04-22,1820.0,3990.0,106.5815,0.13,56.17
2015-04-23,1811.0,3130.0,106.1658,0.13,56.59
2015-04-24,1795.0,2830.0,105.905,0.13,55.98
2015-04-27,1730.0,2640.0,105.6891,0.13,55.56
2015-04-28,1741.0,3070.0,105.1234,0.13,57.05
2015-04-29,1739.0,2390.0,104.5634,0.13,58.55
2015-04-30,1752.0,4550.0,105.312,0.08,59.62
2015-05-01,1732.0,160.0,105.6382,0.13,59.1
2015-05-04,1732.0,0.0,105.6679,0.13,58.92
2015-05-05,1735.0,90.0,105.2396,0.13,60.38
2015-05-06,1692.0,80.0,104.6935,0.13,60.93
2015-05-07,1678.0,30.0,105.1941,0.13,58.99
2015-05-08,1717.0,60.0,104.8424,0.13,59.41
2015-05-11,1701.0,20.0,105.3075,0.13,59.23
2015-05-12,1688.0,100.0,104.8924,0.13,60.72
2015-05-13,1681.0,40.0,104.3608,0.13,60.5
2015-05-14,1704.0,30.0,104.2359,0.13,59.89
2015-05-15,1701.0,10.0,104.0202,0.13,59.73
2015-05-18,1728.0,40.0,104.6068,0.13,59.44
2015-05-19,1709.0,40.0,105.3448,0.12,57.3
2015-05-20,1687.0,10.0,105.5605,0.12,58.96
2015-05-21,1644.0,50.0,105.3808,0.12,60.18
2015-05-22,1589.0,0.0,105.8487,0.13,58.88
2015-05-25,1589.0,0.0,105.8487,0.13,58.88
2015-05-26,1537.0,30.0,106.7294,0.12,57.29
2015-05-27,1580.0,20.0,106.908,0.12,57.51
2015-05-28,1584.0,60.0,106.92,0.12,57.69
2015-05-29,1584.0,6560.0,106.7388,0.08,60.25
2015-06-01,1699.0,12720.0,107.2238,0.12,60.24
2015-06-02,1740.0,5660.0,106.4507,0.12,61.3
2015-06-03,1740.0,5870.0,106.1443,0.13,59.67
2015-06-04,1752.0,2670.0,106.4725,0.13,58.0
2015-06-05,1746.0,3740.0,107.1336,0.13,59.11
2015-06-08,1740.0,4860.0,106.7693,0.13,58.15
2015-06-09,1752.0,7260.0,106.2238,0.13,60.15
2015-06-10,1757.0,6720.0,105.8037,0.13,61.36
2015-06-11,1727.0,8390.0,106.0934,0.13,60.74
2015-06-12,1733.0,7770.0,105.9015,0.13,59.96
2015-06-15,1734.0,11800.0,105.9989,0.13,59.53
2015-06-16,1754.0,8250.0,106.0473,0.14,60.01
2015-06-17,1750.0,10310.0,106.058,0.14,59.89
2015-06-18,1780.0,12960.0,105.102,0.14,60.41
2015-06-19,1773.0,10160.0,105.4496,0.13,59.62
2015-06-22,1802.0,7580.0,105.3846,0.13,60.01
2015-06-23,1755.0,7750.0,105.9678,0.13,61.05
2015-06-24,1818.0,10000.0,106.2522,0.13,60.01
2015-06-25,1799.0,7560.0,106.1515,0.13,59.59
2015-06-26,1818.0,7490.0,106.4116,0.13,59.41
2015-06-29,1792.0,6770.0,106.3785,0.14,58.34
2015-06-30,1784.0,7240.0,106.5191,0.08,59.48
2015-07-01,1771.0,7770.0,107.0101,0.13,56.94
2015-07-02,1745.0,7530.0,106.9106,0.13,56.93
2015-07-03,1748.0,2560.0,106.9106,0.13,56.93
2015-07-06,1711.0,7020.0,107.1343,0.13,52.48
2015-07-07,1711.0,5260.0,107.785,0.13,52.33
2015-07-08,1725.0,5030.0,107.4734,0.13,51.61
2015-07-09,1728.0,3610.0,107.5595,0.13,52.76
2015-07-10,1723.0,3490.0,107.213,0.13,52.74
2015-07-13,1738.0,3980.0,107.5849,0.13,52.19
2015-07-14,1742.0,4590.0,107.4843,0.13,53.05
2015-07-15,1725.0,5770.0,108.0149,0.13,51.4
2015-07-16,1705.0,5880.0,108.1726,0.14,50.9
2015-07-17,1675.0,7410.0,108.5374,0.13,50.88
2015-07-20,1678.0,6240.0,108.6944,0.14,50.11
2015-07-21,1664.0,5900.0,108.3893,0.13,50.59
2015-07-22,1681.0,5080.0,108.7817,0.13,49.27
2015-07-23,1661.0,5240.0,108.7565,0.13,48.11
2015-07-24,1650.0,5530.0,109.0174,0.13,47.98
2015-07-27,1627.0,5500.0,108.6924,0.14,47.17
2015-07-28,1626.0,6650.0,108.6881,0.14,47.97
2015-07-29,1638.0,3970.0,108.604,0.14,48.77
2015-07-30,1648.0,7630.0,109.4328,0.14,48.53
2015-07-31,1638.0,7640.0,108.7819,0.08,47.11
2015-08-03,1645.0,4050.0,109.214,0.14,45.25
2015-08-04,1658.0,4230.0,109.2244,0.14,45.75
2015-08-05,1671.0,8390.0,109.842,0.14,45.13
2015-08-06,1659.0,6880.0,109.722,0.14,44.69
2015-08-07,1681.0,3830.0,109.4376,0.14,43.87
2015-08-10,1711.0,5350.0,109.1931,0.14,44.94
2015-08-11,1740.0,11660.0,109.9464,0.15,43.11
2015-08-12,1715.0,7620.0,109.4655,0.15,43.22
2015-08-13,1719.0,7840.0,109.9025,0.15,42.27
2015-08-14,1726.0,6470.0,109.9174,0.14,42.45
2015-08-17,1715.0,4560.0,110.1435,0.15,41.93
2015-08-18,1722.0,13680.0,110.2504,0.15,42.58
2015-08-19,1683.0,14470.0,110.4333,0.15,40.75
2015-08-20,1665.0,14440.0,110.1077,0.15,41.0
2015-08-21,1642.0,18130.0,110.1443,0.15,40.45
2015-08-24,1627.0,12340.0,109.9306,0.15,38.22
2015-08-25,1615.0,11850.0,110.3394,0.15,39.15
2015-08-26,1615.0,10610.0,110.5807,0.14,38.5
2015-08-27,1641.0,11350.0,110.4834,0.14,42.47
2015-08-28,1611.0,10540.0,110.6714,0.14,45.29
2015-08-31,1611.0,0.0,110.5621,0.08,49.2
2015-09-01,1603.0,5500.0,110.4506,0.14,45.38
2015-09-02,1581.0,6180.0,110.7979,0.14,46.3
2015-09-03,1590.0,6090.0,110.8566,0.14,46.75
2015-09-04,1599.0,4050.0,111.1018,0.14,46.02
2015-09-07,1581.0,1740.0,111.1018,0.14,46.02
2015-09-08,1592.0,4030.0000000000005,110.7942,0.14,45.92
2015-09-09,1604.0,4990.0,110.9225,0.14,44.13
2015-09-10,1566.0,7350.0,110.6331,0.14,45.85
2015-09-11,1552.0,5280.0,110.6109,0.14,44.75
2015-09-14,1587.0,8160.0,110.5005,0.14,44.07
2015-09-15,1576.0,5410.0,110.6394,0.14,44.58
2015-09-16,1581.0,4510.0,110.1021,0.14,47.12
2015-09-17,1564.0,5050.0,110.1212,0.14,46.93
2015-09-18,1556.0,6130.0,109.8165,0.14,44.71
2015-09-21,1533.0,6030.0,110.6414,0.14,46.67
2015-09-22,1511.0,10050.0,111.1967,0.14,46.17
2015-09-23,1540.0,11880.0,111.6287,0.14,44.53
2015-09-24,1566.0,10430.0,111.4454,0.14,44.94
2015-09-25,1596.0,9700.0,111.3725,0.13,45.55
2015-09-28,1548.0,7400.0,111.3914,0.13,44.4
2015-09-29,1576.0,8510.0,111.5219,0.13,45.24
2015-09-30,1557.0,8050.000000000001,111.3311,0.07,45.06
2015-10-01,1565.0,2490.0,111.0439,0.13,44.75
2015-10-02,1583.0,3120.0,110.7006,0.13,45.54
2015-10-05,1622.0,9230.0,110.4445,0.13,46.28
2015-10-06,1614.0,4240.0,110.1371,0.13,48.53
2015-10-07,1573.0,8580.0,109.8162,0.13,47.86
2015-10-08,1596.0,5270.0,109.6452,0.13,49.46
2015-10-09,1634.0,6640.0,109.0782,0.13,49.67
2015-10-12,1637.0,7420.0,109.0782,0.13,47.09
2015-10-13,1619.0,8050.000000000001,109.4119,0.13,46.7
2015-10-14,1638.0,9540.0,109.1244,0.13,46.63
2015-10-15,1661.0,12110.0,108.6671,0.13,46.38
2015-10-16,1619.0,14480.0,108.9956,0.13,47.3
2015-10-19,1600.0,18920.0,109.3858,0.13,45.91
2015-10-20,1585.0,10620.0,109.3368,0.13,45.84
2015-10-21,1577.0,8380.0,109.7746,0.13,45.22
2015-10-22,1586.0,7790.0,110.0342,0.12,44.9
2015-10-23,1558.0,8820.0,110.4329,0.12,43.91
2015-10-26,1553.0,7540.0,110.2089,0.12,43.19
2015-10-27,1559.0,6620.0,110.4875,0.12,43.21
2015-10-28,1577.0,6690.0,110.2334,0.12,45.93
2015-10-29,1605.0,8670.0,110.8083,0.12,46.02
2015-10-30,1643.0,15690.0,110.2079,0.07,46.6
2015-11-02,1629.0,7380.0,110.2188,0.12,46.12
2015-11-03,1645.0,9220.0,110.244,0.12,47.88
2015-11-04,1670.0,10070.0,110.7139,0.12,46.32
2015-11-05,1669.0,10530.0,110.8302,0.12,45.27
2015-11-06,1604.0,14220.0,111.7603,0.12,44.32
2015-11-09,1625.0,5280.0,111.9112,0.12,43.87
2015-11-10,1628.0,3930.0,111.9919,0.12,44.23
2015-11-11,1632.0,2730.0,111.9919,0.12,42.95
2015-11-12,1609.0,4010.0,111.7965,0.12,41.74
2015-11-13,1552.0,9280.0,112.0264,0.12,40.69
2015-11-16,1560.0,5630.0,112.2199,0.13,41.68
2015-11-17,1554.0,8170.0,112.3141,0.13,40.73
2015-11-18,1507.0,14180.0,112.3663,0.12,40.75
2015-11-19,1563.0,10020.0,111.5749,0.12,40.55
2015-11-20,1572.0,9010.0,111.7799,0.12,39.39
2015-11-23,1539.0,4620.0,112.1125,0.12,39.27
2015-11-24,1550.0,5720.0,111.7638,0.12,40.89
2015-11-25,1532.0,5420.0,111.8936,0.12,41.22
2015-11-26,1518.0,2310.0,111.8936,0.12,41.22
2015-11-27,1514.0,3920.0,112.2824,0.12,40.57
2015-11-30,1478.0,7950.0,112.34,0.08,40.43
2015-12-01,1521.0,7720.0,112.1134,0.13,40.58
2015-12-02,1526.0,6160.0,112.3715,0.13,39.93
2015-12-03,1563.0,5970.0,111.6407,0.13,41.08
2015-12-04,1564.0,5110.0,111.5463,0.13,40.0
2015-12-07,1562.0,5560.0,112.3056,0.13,37.64
2015-12-08,1557.0,7170.0,112.5485,0.13,37.46
2015-12-09,1555.0,5440.0,112.1918,0.14,37.16
2015-12-10,1550.0,6830.0,112.2672,0.14,36.76
2015-12-11,1528.0,8590.0,112.7147,0.14,35.65
2015-12-14,1505.0,8320.0,112.7521,0.15,36.31
2015-12-15,1507.0,8440.0,112.8609,0.15,37.32
2015-12-16,1515.0,8350.0,112.9864,0.15,35.55
2015-12-17,1508.0,9760.0,113.8177,0.37,34.98
2015-12-18,1513.0,6900.0,113.2837,0.37,34.72
2015-12-21,1508.0,6070.0,113.4144,0.36,34.55
2015-12-22,1527.0,9780.0,113.211,0.36,36.12
2015-12-23,1534.0,8540.0,113.1847,0.36,36.76
2015-12-24,1525.0,1960.0,113.0496,0.36,37.62
2015-12-28,1525.0,0.0,113.0461,0.36,36.36
2015-12-29,1517.0,7020.0,113.1664,0.36,37.88
2015-12-30,1515.0,7630.0,113.4707,0.35,36.59
2015-12-31,1530.0,3460.0,113.3429,0.2,37.13
2016-01-04,1528.0,6560.0,114.1595,0.36,36.81
2016-01-05,1507.0,6790.0,114.2649,0.36,35.97
2016-01-06,1492.0,5480.0,114.6177,0.36,33.97
2016-01-07,1479.0,9240.0,114.6516,0.36,33.29
2016-01-08,1485.0,4070.0000000000005,115.0095,0.36,33.2
2016-01-11,1444.0,7030.0,115.0139,0.36,31.42
2016-01-12,1448.0,7380.0,115.3128,0.36,30.42
2016-01-13,1457.0,4030.0000000000005,115.1425,0.36,30.42
2016-01-14,1438.0,6700.0,115.3846,0.36,31.22
2016-01-15,1441.0,4360.0,115.7404,0.36,29.45
2016-01-18,1420.0,4590.0,115.7404,0.36,29.45
2016-01-19,1412.0,6150.0,115.8155,0.36,28.47
2016-01-20,1366.0,12190.0,116.3498,0.37,26.68
2016-01-21,1370.0,10180.0,115.9833,0.37,29.55
2016-01-22,1395.0,8680.0,115.9833,0.38,32.07
2016-01-25,1389.0,5780.0,115.9833,0.38,30.31
2016-01-26,1390.0,4330.0,115.9833,0.38,29.54
2016-01-27,1416.0,10550.0,115.5087,0.38,32.32
2016-01-28,1402.0,5780.0,115.2224,0.38,33.21
2016-01-29,1382.0,6170.0,115.5731,0.29,33.66
2016-02-01,1408.0,6830.0,115.3331,0.38,31.62
2016-02-02,1427.0,5430.0,115.553,0.38,29.9
2016-02-03,1431.0,4750.0,114.6144,0.38,32.29
2016-02-04,1462.0,6640.0,113.6012,0.38,31.63
2016-02-05,1454.0,5760.0,114.2935,0.38,30.86
2016-02-08,1416.0,10000.0,114.4351,0.38,29.71
2016-02-09,1416.0,6690.0,114.127,0.38,27.96
2016-02-10,1420.0,5310.0,114.2877,0.38,27.54
2016-02-11,1408.0,9600.0,114.1845,0.38,26.19
2016-02-12,1441.0,13010.0,114.2992,0.38,29.32
2016-02-15,1433.0,7040.0,114.2992,0.38,29.32
2016-02-16,1442.0,14350.0,114.4905,0.38,29.05
2016-02-17,1442.0,7570.0,113.8634,0.37,30.68
2016-02-18,1428.0,7840.0,113.8897,0.38,30.77
2016-02-19,1417.0,9600.0,113.9558,0.38,29.59
2016-02-22,1418.0,9430.0,113.8232,0.38,31.37
2016-02-23,1397.0,10840.0,114.177,0.38,31.84
2016-02-24,1371.0,10120.0,114.1716,0.38,30.35
2016-02-25,1368.0,11550.0,113.9222,0.37,31.4
2016-02-26,1366.0,6990.0,114.3708,0.37,31.65
2016-02-29,1413.0,13210.0,114.2418,0.29,32.74
2016-03-01,1377.0,6790.0,113.9265,0.36,34.39
2016-03-02,1391.0,5370.0,113.7965,0.37,34.57
2016-03-03,1394.0,4570.0,113.2482,0.37,34.56
2016-03-04,1393.0,6880.0,112.6387,0.36,35.91
2016-03-07,1394.0,3480.0,112.6219,0.36,37.9
2016-03-08,1408.0,5460.0,112.8465,0.36,36.67
2016-03-09,1420.0,6530.0,112.4268,0.36,37.62
2016-03-10,1402.0,6600.0,112.4191,0.36,37.77
2016-03-11,1427.0,9380.0,111.741,0.36,38.51
2016-03-14,1438.0,7480.0,112.1688,0.36,37.2
2016-03-15,1423.0,7210.0,112.5545,0.37,36.32
2016-03-16,1426.0,8080.0,112.7759,0.37,38.43
2016-03-17,1459.0,12500.0,110.445,0.37,40.17
2016-03-18,1482.0,8610.0,110.4002,0.37,39.47
2016-03-21,1473.0,9320.0,110.737,0.37,39.91
2016-03-22,1514.0,11380.0,110.7877,0.37,41.45
2016-03-23,1515.0,11030.0,111.5473,0.37,38.28
2016-03-24,1491.0,7790.0,111.816,0.37,38.14
2016-03-28,1458.0,0.0,111.3578,0.37,37.99
2016-03-29,1496.0,5460.0,111.3736,0.37,36.91
2016-03-30,1504.0,7290.0,110.2301,0.37,36.91
2016-03-31,1501.0,6230.0,109.9191,0.25,36.94
2016-04-01,1519.0,7790.0,110.2977,0.37,35.36
2016-04-04,1506.0,5830.0,110.3987,0.37,34.3
2016-04-05,1490.0,6060.0,110.9478,0.37,34.52
2016-04-06,1502.0,4090.0,110.5347,0.37,37.74
2016-04-07,1528.0,8850.0,110.8876,0.37,37.3
2016-04-08,1543.0,6540.0,110.4213,0.37,39.74
2016-04-11,1575.0,10830.0,109.9758,0.37,40.46
2016-04-12,1585.0,10370.0,109.816,0.37,42.12
2016-04-13,1546.0,16379.999999999998,110.1436,0.37,41.7
2016-04-14,1552.0,10120.0,110.1691,0.37,41.45
2016-04-15,1552.0,11070.0,110.1933,0.37,40.4
2016-04-18,1555.0,12230.0,109.9892,0.37,39.74
2016-04-19,1565.0,8500.0,109.2782,0.37,40.88
2016-04-20,1578.0,11200.0,109.3926,0.37,42.72
2016-04-21,1567.0,13750.0,109.8533,0.37,43.18
2016-04-22,1557.0,8950.0,110.2331,0.37,42.76
2016-04-25,1571.0,8470.0,110.1865,0.37,41.67
2016-04-26,1589.0,10870.0,109.7496,0.37,42.52
2016-04-27,1573.0,11120.0,109.8483,0.37,45.29
2016-04-28,1578.0,8840.0,109.2148,0.37,46.03
2016-04-29,1588.0,9360.0,108.8274,0.3,45.98
2016-05-02,1588.0,0.0,108.671,0.37,44.75
2016-05-03,1579.0,6610.0,109.3613,0.37,43.65
2016-05-04,1585.0,7340.0,109.9952,0.37,43.77
2016-05-05,1617.0,13730.0,110.2417,0.37,44.33
2016-05-06,1649.0,11030.0,110.3801,0.37,44.58
2016-05-09,1635.0,9490.0,110.9466,0.37,43.45
2016-05-10,1660.0,7660.0,110.8225,0.37,44.68
2016-05-11,1671.0,6560.0,110.2806,0.37,46.21
2016-05-12,1678.0,5920.0,110.6935,0.37,46.64
2016-05-13,1680.0,5640.0,111.2521,0.37,46.22
2016-05-16,1686.0,5910.0,111.1217,0.37,47.72
2016-05-17,1699.0,7810.0,111.0867,0.37,48.29
2016-05-18,1669.0,8470.0,111.4995,0.37,48.12
2016-05-19,1638.0,8950.0,112.2331,0.37,48.16
2016-05-20,1660.0,4830.0,112.1822,0.37,47.67
2016-05-23,1643.0,6160.0,112.284,0.37,48.12
2016-05-24,1648.0,5500.0,112.2912,0.37,48.04
2016-05-25,1644.0,8270.0,112.2001,0.37,49.1
2016-05-26,1639.0,9380.0,111.8979,0.37,49.0
2016-05-27,1640.0,4540.0,112.0822,0.37,49.36
2016-05-30,1640.0,0.0,112.0822,0.37,49.36
2016-05-31,1648.0,4810.0,112.4276,0.29,49.1
2016-06-01,1667.0,4900.0,112.462,0.37,49.07
2016-06-02,1656.0,5190.0,112.4564,0.37,49.14
2016-06-03,1668.0,6150.0,111.4451,0.37,48.69
2016-06-06,1689.0,6360.0,111.2295,0.37,49.71
2016-06-07,1712.0,8220.0,110.8378,0.37,50.37
2016-06-08,1726.0,13050.0,110.1916,0.37,51.23
2016-06-09,1714.0,11530.0,110.6168,0.37,50.52
2016-06-10,1674.0,11680.0,111.1027,0.37,49.09
2016-06-13,1681.0,9730.0,111.5036,0.37,48.89
2016-06-14,1651.0,12950.0,111.9826,0.37,48.49
2016-06-15,1646.0,11870.0,111.7671,0.37,47.92
2016-06-16,1648.0,8520.0,112.2347,0.38,46.14
2016-06-17,1674.0,13870.0,111.5332,0.38,48.0
2016-06-20,1693.0,10760.0,110.8693,0.38,49.4
2016-06-21,1715.0,10530.0,111.0077,0.38,48.95
2016-06-22,1708.0,8320.0,110.7681,0.38,49.16
2016-06-23,1718.0,10480.0,110.262,0.39,49.34
2016-06-24,1669.0,10060.0,112.1355,0.4,46.7
2016-06-27,1664.0,7130.0,113.1301,0.41,45.8
2016-06-28,1701.0,8270.0,112.7545,0.41,47.93
2016-06-29,1722.0,9460.0,111.8597,0.41,49.85
2016-06-30,1717.0,9900.0,112.1618,0.3,48.27
2016-07-01,1745.0,6960.0,111.6509,0.41,49.02
2016-07-04,1768.0,6250.0,111.6509,0.41,49.02
2016-07-05,1759.0,8270.0,112.4231,0.4,46.73
2016-07-06,1749.0,5970.0,112.5438,0.4,47.37
2016-07-07,1762.0,4059.9999999999995,112.5775,0.4,45.22
2016-07-08,1797.0,6930.0,112.3963,0.4,45.37
2016-07-11,1829.0,13540.0,112.5254,0.4,44.73
2016-07-12,1809.0,13130.0,112.1102,0.4,46.82
2016-07-13,1816.0,7950.0,112.0266,0.4,44.87
2016-07-14,1842.0,4690.0,111.7692,0.4,45.64
2016-07-15,1819.0,10660.0,112.2833,0.4,45.93
2016-07-18,1814.0,7120.0,112.2463,0.4,45.23
2016-07-19,1812.0,5770.0,112.638,0.4,44.64
2016-07-20,1816.0,4350.0,112.6743,0.4,44.96
2016-07-21,1818.0,4430.0,112.6239,0.4,43.96
2016-07-22,1788.0,6300.0,112.989,0.4,43.41
2016-07-25,1786.0,5400.0,113.1784,0.4,42.4
2016-07-26,1811.0,5500.0,113.0593,0.4,42.16
2016-07-27,1804.0,4070.0000000000005,113.217,0.4,41.9
2016-07-28,1813.0,4200.0,112.7393,0.4,41.13
2016-07-29,1848.0,8170.0,111.874,0.3,41.54
2016-08-01,1843.0,3100.0,111.9757,0.4,40.05
2016-08-02,1851.0,3080.0,111.7124,0.4,39.5
2016-08-03,1853.0,4830.0,111.9419,0.4,40.8
2016-08-04,1846.0,4550.0,111.9149,0.4,41.92
2016-08-05,1853.0,4980.0,112.3589,0.4,41.83
2016-08-08,1855.0,2420.0,112.1456,0.4,43.06
2016-08-09,1848.0,6330.0,111.722,0.4,42.78
2016-08-10,1848.0,3240.0,111.3238,0.4,41.75
2016-08-11,1841.0,7830.0,111.1954,0.4,43.51
2016-08-12,1835.0,2920.0,111.1787,0.4,44.47
2016-08-15,1834.0,6360.0,110.9212,0.4,45.72
2016-08-16,1810.0,8710.0,110.4295,0.4,46.57
2016-08-17,1785.0,14420.0,110.9459,0.4,46.81
2016-08-18,1823.0,16300.0,110.3134,0.4,48.2
2016-08-19,1817.0,11000.0,110.8163,0.4,48.48
2016-08-22,1831.0,6600.0,110.9997,0.4,46.8
2016-08-23,1821.0,9230.0,110.9414,0.4,47.54
2016-08-24,1810.0,9150.0,111.2958,0.4,46.29
2016-08-25,1797.0,7760.0,111.1726,0.4,46.97
2016-08-26,1819.0,8830.0,111.2035,0.4,47.64
2016-08-29,1819.0,0.0,111.8775,0.4,46.97
2016-08-30,1816.0,9180.0,112.2928,0.4,46.32
2016-08-31,1828.0,9290.0,112.4036,0.3,44.68
2016-09-01,1852.0,11580.0,112.1733,0.4,43.17
2016-09-02,1865.0,6210.0,112.0009,0.4,44.39
2016-09-05,1877.0,5010.0,112.0009,0.4,44.39
2016-09-06,1889.0,9130.0,110.9613,0.4,44.85
2016-09-07,1912.0,10830.0,110.9717,0.4,45.47
2016-09-08,1927.0,9320.0,111.2609,0.4,47.63
2016-09-09,1909.0,6530.0,111.9879,0.4,45.88
2016-09-12,1926.0,6050.0,112.1516,0.4,46.28
2016-09-13,1943.0,24320.0,112.5207,0.4,44.91
2016-09-14,1942.0,7820.0,112.4678,0.4,43.62
2016-09-15,1936.0,5960.0,112.4753,0.4,43.85
2016-09-16,1937.0,6120.0,113.1765,0.4,43.04
2016-09-19,1960.0,10480.0,112.903,0.4,43.34
2016-09-20,1955.0,7740.0,113.1848,0.4,43.85
2016-09-21,1986.0,16200.0,112.9842,0.4,45.33
2016-09-22,2002.0,10720.0,112.2592,0.4,46.1
2016-09-23,1966.0,5790.0,112.7166,0.4,44.36
2016-09-26,1975.0,4400.0,112.7112,0.4,45.6
2016-09-27,1995.0,5320.0,112.5515,0.4,44.65
2016-09-28,1996.0,5590.0,112.6283,0.4,47.07
2016-09-29,2010.0,5940.0,112.2879,0.4,47.72
2016-09-30,2004.0,6420.0,112.2795,0.29,47.72
2016-10-03,2004.0,7800.0,112.5077,0.4,48.8
2016-10-04,1986.0,4059.9999999999995,112.6579,0.4,48.67
2016-10-05,2020.0,4270.0,112.7946,0.4,49.75
2016-10-06,2012.0,2870.0,113.0066,0.4,50.44
2016-10-07,2029.0,4620.0,113.2915,0.4,49.76
2016-10-10,2046.0,6010.0,113.2915,0.4,49.76
2016-10-11,2059.0,9100.0,113.4461,0.41,50.72
2016-10-12,2070.0,8350.0,113.7442,0.41,50.14
2016-10-13,2070.0,17660.0,113.6238,0.41,50.47
2016-10-14,2074.0,8450.0,113.7119,0.41,50.35
2016-10-17,2109.0,14400.0,113.5488,0.41,49.97
2016-10-18,2153.0,18480.0,113.1393,0.41,50.3
2016-10-19,2129.0,9970.0,113.0547,0.41,51.59
2016-10-20,2122.0,6010.0,113.4033,0.41,50.31
2016-10-21,2153.0,11140.0,113.9015,0.41,50.61
2016-10-24,2161.0,9310.0,113.8571,0.41,50.18
2016-10-25,2178.0,9400.0,113.6801,0.41,49.45
2016-10-26,2178.0,8250.0,113.8131,0.41,48.75
2016-10-27,2175.0,10020.0,114.1998,0.41,49.71
2016-10-28,2187.0,7740.0,114.0931,0.41,48.72
2016-10-31,2184.0,5050.0,114.0188,0.31,46.83
2016-11-01,2158.0,6630.0,113.9915,0.41,46.66
2016-11-02,2164.0,4760.0,113.9206,0.41,45.32
2016-11-03,2166.0,5490.0,113.7664,0.41,44.66
2016-11-04,2188.0,8510.0,113.5828,0.41,44.07
2016-11-07,2194.0,5770.0,113.5443,0.41,44.88
2016-11-08,2085.0,14480.0,113.3017,0.41,44.96
2016-11-09,2133.0,18390.0,114.6956,0.41,45.2
2016-11-10,2077.0,10410.0,115.9375,0.41,44.62
2016-11-11,2027.0,11350.0,115.9375,0.41,43.39
2016-11-14,2099.0,9180.0,117.2245,0.41,43.29
2016-11-15,2136.0,10270.0,116.7724,0.41,45.86
2016-11-16,2163.0,7450.0,116.8062,0.41,45.56
2016-11-17,2163.0,9620.0,116.8952,0.41,45.37
2016-11-18,2152.0,6620.0,117.5936,0.41,45.69
2016-11-21,2083.0,11030.0,117.4762,0.41,47.48
2016-11-22,2099.0,6000.0,117.4508,0.41,48.07
2016-11-23,2046.0,8860.0,118.0356,0.41,46.72
2016-11-24,2022.0,3880.0,118.0356,0.41,46.72
2016-11-25,2032.0,3680.0,118.02,0.41,46.72
2016-11-28,2078.0,4540.0,117.7278,0.41,45.66
2016-11-29,2046.0,3600.0,117.644,0.41,45.29
2016-11-30,2026.0,4059.9999999999995,117.7636,0.31,49.41
2016-12-01,1983.0,6630.0,117.6642,0.41,51.08
2016-12-02,2043.0,7110.0,117.3116,0.41,51.7
2016-12-05,2043.0,5510.0,117.1008,0.41,51.72
2016-12-06,2032.0,7310.0,116.9225,0.41,50.95
2016-12-07,2021.0,12240.0,116.672,0.41,49.85
2016-12-08,2011.0,6340.0,117.0327,0.41,50.84
2016-12-09,1989.0,10400.0,117.2834,0.41,51.51
2016-12-12,2017.0,7410.0,116.9161,0.41,52.74
2016-12-13,2046.0,9400.0,116.8029,0.41,52.99
2016-12-14,2053.0,7440.0,116.7332,0.41,51.01
2016-12-15,2056.0,6980.0,118.8072,0.66,50.9
2016-12-16,2083.0,8100.0,118.3584,0.66,51.93
2016-12-19,2129.0,16600.0,118.3875,0.66,52.13
2016-12-20,2123.0,9740.0,118.63,0.66,52.22
2016-12-21,2113.0,6980.0,118.581,0.66,51.44
2016-12-22,2064.0,11250.0,118.8209,0.66,51.98
2016-12-23,2089.0,2620.0,118.7856,0.66,52.01
2016-12-27,2089.0,0.0,118.9506,0.66,52.82
2016-12-28,2077.0,10100.0,119.2305,0.66,54.01
2016-12-29,2116.0,8690.0,118.6637,0.66,53.8
2016-12-30,2138.0,4150.0,118.3466,0.55,53.75
2017-01-02,2138.0,0.0,118.3466,0.55,53.75
2017-01-03,2124.0,7550.0,119.0903,0.66,52.36
2017-01-04,2165.0,9640.0,118.8803,0.66,53.26
2017-01-05,2154.0,6030.0,117.9999,0.66,53.77
2017-01-06,2140.0,3590.0,118.3495,0.66,53.98
2017-01-09,2141.0,8940.0,118.4111,0.66,51.95
2017-01-10,2162.0,8710.0,118.5386,0.66,50.82
2017-01-11,2218.0,15080.0,119.0219,0.66,52.19
2017-01-12,2198.0,8660.0,117.8001,0.66,53.01
2017-01-13,2202.0,7170.0,117.9884,0.66,52.36
2017-01-16,2233.0,5270.0,117.9884,0.66,52.36
2017-01-17,2238.0,8430.0,117.2656,0.66,52.45
2017-01-18,2245.0,6070.0,117.7242,0.66,51.12
2017-01-19,2261.0,7400.0,118.3182,0.66,51.39
2017-01-20,2261.0,6800.0,118.3182,0.66,52.33
2017-01-23,2248.0,7910.0,117.2479,0.66,52.77
2017-01-24,2212.0,12560.0,117.0516,0.66,52.38
2017-01-25,2231.0,10090.0,116.9355,0.66,52.14
2017-01-26,2210.0,6510.0,117.2766,0.66,53.24
2017-01-27,2238.0,5330.0,117.0735,0.66,53.18
2017-01-30,2237.0,5050.0,116.7325,0.66,52.63
2017-01-31,2222.0,10120.0,116.2241,0.56,52.75
2017-02-01,2257.0,9250.0,116.3914,0.66,53.9
2017-02-02,2201.0,10100.0,115.903,0.66,53.55
2017-02-03,2197.0,8600.0,115.6259,0.66,53.81
2017-02-06,2181.0,6070.0,116.0504,0.66,53.01
2017-02-07,2172.0,5560.0,116.4082,0.66,52.19
2017-02-08,2136.0,11860.0,116.1382,0.66,52.37
2017-02-09,2157.0,8710.0,116.306,0.66,52.99
2017-02-10,2159.0,8250.0,116.148,0.66,53.84
2017-02-13,2139.0,9810.0,116.3427,0.66,52.96
2017-02-14,2128.0,13050.0,116.3949,0.66,53.21
2017-02-15,2148.0,14610.0,116.2162,0.66,53.11
2017-02-16,2179.0,11150.0,116.0067,0.66,53.41
2017-02-17,2174.0,9880.0,116.4035,0.66,53.41
2017-02-20,2186.0,4360.0,116.4035,0.66,53.41
2017-02-21,2189.0,9860.0,116.5921,0.66,54.02
2017-02-22,2161.0,9720.0,116.2136,0.66,53.61
2017-02-23,2155.0,6760.0,115.6527,0.66,54.48
2017-02-24,2126.0,11090.0,115.8143,0.66,53.99
2017-02-27,2100.0,14560.0,115.6764,0.66,54.04
2017-02-28,2143.0,13140.0,116.0032,0.57,54.0
2017-03-01,2149.0,7750.0,116.438,0.66,53.82
2017-03-02,2215.0,11130.0,116.8429,0.66,52.63
2017-03-03,2194.0,7870.0,116.6438,0.66,53.33
2017-03-06,2176.0,5230.0,116.4313,0.66,53.19
2017-03-07,2169.0,4280.0,116.4303,0.66,52.68
2017-03-08,2189.0,6450.0,116.875,0.66,49.83
2017-03-09,2182.0,4150.0,116.9959,0.66,48.75
2017-03-10,2170.0,3530.0,116.616,0.66,48.05
2017-03-13,2164.0,6810.0,116.4004,0.66,47.95
2017-03-14,2169.0,3910.0,116.5646,0.66,47.24
2017-03-15,2180.0,3200.0,116.3584,0.66,48.34
2017-03-16,2183.0,4920.0,115.4456,0.91,48.3
2017-03-17,2184.0,3300.0,115.2783,0.91,48.34
2017-03-20,2196.0,4400.0,115.0426,0.91,47.79
2017-03-21,2171.0,7070.0,114.8119,0.91,47.02
2017-03-22,2164.0,5750.0,114.7937,0.91,47.29
2017-03-23,2163.0,3700.0,114.7899,0.91,47.0
2017-03-24,2139.0,6300.0,114.6372,0.91,47.3
2017-03-27,2186.0,10170.0,114.2347,0.91,47.02
2017-03-28,2168.0,4760.0,114.419,0.91,48.36
2017-03-29,2171.0,5720.0,114.7167,0.91,49.47
2017-03-30,2161.0,5800.0,114.5245,0.91,50.3
2017-03-31,2149.0,5930.0,114.7938,0.82,50.54
2017-04-03,2174.0,4080.0,114.8734,0.91,50.25
2017-04-04,2172.0,5810.0,115.0038,0.91,50.99
2017-04-05,2179.0,3990.0,114.9494,0.91,51.14
2017-04-06,2169.0,2720.0,115.0181,0.91,51.69
2017-04-07,2194.0,5110.0,115.0547,0.91,52.25
2017-04-10,2180.0,6610.0,115.11,0.91,53.06
2017-04-11,2199.0,12490.0,115.009,0.91,53.38
2017-04-12,2183.0,8420.0,114.9162,0.91,53.12
2017-04-13,2173.0,15220.0,114.5059,0.91,53.19
2017-04-18,2190.0,8880.0,114.2575,0.91,52.46
2017-04-19,2174.0,11150.0,114.7923,0.91,50.49
2017-04-20,2124.0,22900.0,114.6205,0.91,50.26
2017-04-21,1990.0,45910.0,114.8128,0.91,49.64
2017-04-24,1936.0,26760.0,114.3659,0.91,48.9
2017-04-25,1916.0,23510.0,114.5111,0.91,49.22
2017-04-26,1929.0,16910.0,114.9479,0.91,49.22
2017-04-27,1910.0,10740.0,114.9946,0.91,48.96
2017-04-28,1946.0,11500.0,114.7877,0.83,49.31
2017-05-02,1995.0,9760.0,114.6792,0.91,47.65
2017-05-03,2034.0,9320.0,114.6637,0.91,47.79
2017-05-04,1992.0,8380.0,114.9076,0.91,45.55
2017-05-05,2002.0,3990.0,114.7725,0.91,46.23
2017-05-08,2027.0,6160.0,115.0895,0.91,46.46
2017-05-09,2020.0,5950.0,115.3933,0.91,45.84
2017-05-10,2014.0,3620.0,115.1145,0.91,47.28
2017-05-11,1984.0,6420.0,115.0669,0.91,47.81
2017-05-12,1994.0,4230.0,114.7479,0.91,47.83
2017-05-15,1969.0,4500.0,114.3504,0.91,48.86
2017-05-16,1959.0,7210.0,113.9923,0.91,48.64
2017-05-17,1997.0,8189.999999999999,113.7506,0.91,49.04
2017-05-18,1984.0,7030.0,114.2683,0.91,49.36
2017-05-19,1977.0,5550.0,113.7001,0.91,50.32
2017-05-22,1925.0,7320.0,113.5442,0.91,50.81
2017-05-23,1936.0,6400.0,113.6862,0.91,51.12
2017-05-24,1905.0,7550.0,113.675,0.91,50.99
2017-05-25,1934.0,9130.0,113.3719,0.91,48.57
2017-05-26,1991.0,12500.0,113.4839,0.91,49.58
2017-05-29,1991.0,0.0,113.4839,0.91,49.58
2017-05-30,2010.0,9330.0,113.5552,0.91,49.63
2017-05-31,1995.0,10890.0,113.2956,0.83,48.29
2017-06-01,2001.0,5420.0,113.3017,0.91,48.32
2017-06-02,2002.0,5570.0,113.1908,0.91,47.68
2017-06-05,2015.0,3750.0,112.9755,0.91,47.4
2017-06-06,2004.0,3630.0,112.7095,0.91,48.13
2017-06-07,1991.0,5880.0,112.8191,0.91,45.8
2017-06-08,2000.0,4510.0,112.8351,0.91,45.68
2017-06-09,2021.0,8080.0,112.9562,0.91,45.82
2017-06-12,2048.0,7520.0,112.9837,0.91,46.1
2017-06-13,2040.0,7930.0,112.6271,0.91,46.41
2017-06-14,2056.0,10030.0,112.0734,0.91,44.79
2017-06-15,2105.0,16420.0,112.8708,1.16,44.47
2017-06-16,2125.0,12630.0,112.6155,1.16,44.73
2017-06-19,2108.0,11060.0,112.7576,1.16,44.24
2017-06-20,2074.0,12040.0,113.2698,1.16,43.34
2017-06-21,2072.0,7060.0,113.3327,1.16,42.48
2017-06-22,2030.0,9260.0,113.1654,1.16,42.53
2017-06-23,2078.0,15820.0,112.8665,1.16,42.86
2017-06-26,2090.0,10480.0,112.7633,1.16,43.24
2017-06-27,2086.0,9170.0,112.55,1.16,44.25
2017-06-28,2092.0,7840.0,112.0747,1.16,44.74
2017-06-29,2132.0,12110.0,111.998,1.16,44.88
2017-06-30,2149.0,15020.0,111.9896,1.06,46.02
2017-07-03,2146.0,6860.0,112.4268,1.16,46.02
2017-07-04,2149.0,2680.0,112.4268,1.16,46.02
2017-07-05,2157.0,6930.0,112.6534,1.16,45.11
2017-07-06,2150.0,7270.0,112.4199,1.16,45.52
2017-07-07,2111.0,8230.0,112.3137,1.16,44.25
2017-07-10,2100.0,7050.0,112.1587,1.16,44.4
2017-07-11,2072.0,9080.0,112.1434,1.16,45.06
2017-07-12,2097.0,4900.0,111.5904,1.16,45.48
2017-07-13,2145.0,7960.0,111.5365,1.16,46.06
2017-07-14,2146.0,8350.0,110.9075,1.16,46.53
2017-07-17,2126.0,5630.0,110.9304,1.16,46.02
2017-07-18,2131.0,3910.0,110.4356,1.16,46.4
2017-07-19,2110.0,5930.0,110.4339,1.16,47.1
2017-07-20,2113.0,4350.0,110.2512,1.16,46.73
2017-07-21,2143.0,5790.0,110.191,1.16,45.78
2017-07-24,2103.0,8230.0,110.2004,1.16,46.21
2017-07-25,2100.0,5230.0,110.2835,1.16,47.77
2017-07-26,2143.0,8500.0,110.3811,1.16,48.58
2017-07-27,2141.0,5850.0,110.216,1.16,49.05
2017-07-28,2129.0,7910.0,109.92,1.16,49.72
2017-07-31,2123.0,4890.0,109.8177,1.07,50.21
2017-08-01,2104.0,4850.0,109.8495,1.16,49.19
2017-08-02,2136.0,7510.0,109.7503,1.16,49.6
2017-08-03,2134.0,3560.0,109.8332,1.16,49.03
2017-08-04,2133.0,2500.0,110.2808,1.16,49.57
2017-08-07,2157.0,3860.0,110.373,1.16,49.37
2017-08-08,2157.0,6670.0,110.396,1.16,49.07
2017-08-09,2131.0,9120.0,110.3671,1.16,49.59
2017-08-10,2089.0,8250.0,110.1886,1.16,48.54
2017-08-11,2133.0,8380.0,110.0422,1.16,48.81
2017-08-14,2100.0,5730.0,110.095,1.16,47.59
2017-08-15,2053.0,9740.0,110.4846,1.16,47.57
2017-08-16,2054.0,9710.0,110.4394,1.16,46.8
2017-08-17,2054.0,10600.0,110.1673,1.16,47.07
2017-08-18,2101.0,10870.0,110.041,1.16,48.59
2017-08-21,2119.0,8620.0,109.7349,1.16,47.39
2017-08-22,2135.0,8490.0,109.8386,1.16,47.65
2017-08-23,2100.0,8060.000000000001,109.8095,1.16,48.45
2017-08-24,2067.0,9210.0,109.7524,1.16,47.24
2017-08-25,2112.0,8140.000000000001,109.3415,1.16,47.65
2017-08-29,2105.0,6000.0,109.0946,1.16,46.46
2017-08-30,2075.0,10870.0,109.4052,1.16,45.96
2017-08-31,2069.0,10270.0,109.3686,1.07,47.26
2017-09-01,2059.0,5260.0,109.0504,1.16,47.32
2017-09-04,2021.0,7630.0,109.0504,1.16,47.32
2017-09-05,1969.0,15010.0,108.8664,1.16,48.63
2017-09-06,1945.0,19430.0,108.4897,1.16,49.13
2017-09-07,1950.0,11500.0,107.9224,1.16,49.1
2017-09-08,1960.0,8480.0,107.808,1.16,47.44
2017-09-11,1951.0,9000.0,108.153,1.16,48.06
2017-09-12,1969.0,5470.0,108.3239,1.16,48.21
2017-09-13,2003.0,9040.0,108.6628,1.16,49.3
2017-09-14,1993.0,6470.0,108.618,1.16,49.86
2017-09-15,1992.0,5950.0,108.3147,1.16,49.9
2017-09-18,2005.0,6740.0,108.6401,1.16,49.88
2017-09-19,1983.0,8140.000000000001,108.6142,1.16,49.54
2017-09-20,2035.0,13160.0,108.4329,1.16,50.29
2017-09-21,2012.0,5300.0,108.9267,1.16,50.58
2017-09-22,2005.0,3160.0,108.7542,1.16,50.33
2017-09-25,2006.0,4650.0,109.3302,1.16,51.85
2017-09-26,1999.0,3730.0,109.7769,1.16,51.59
2017-09-27,1950.0,7400.0,110.0722,1.16,52.14
2017-09-28,1949.0,7510.0,110.2415,1.16,51.62
2017-09-29,1968.0,6940.0,110.0867,1.06,51.67
2017-10-02,1977.0,3670.0,110.3686,1.16,50.59
2017-10-03,1982.0,3600.0,110.3281,1.16,50.44
2017-10-04,1977.0,4250.0,110.2425,1.16,50.0
2017-10-05,1967.0,3170.0,110.5823,1.16,50.79
2017-10-06,1989.0,3140.0,110.7841,1.16,49.34
2017-10-09,1974.0,4830.0,110.7841,1.16,49.58
2017-10-10,1981.0,5390.0,110.3034,1.16,50.93
2017-10-11,1947.0,7830.0,110.3037,1.16,51.3
2017-10-12,1968.0,4340.0,110.3152,1.16,50.61
2017-10-13,1982.0,6410.0,110.2669,1.16,51.43
2017-10-16,1954.0,4390.0,110.5432,1.16,51.86
2017-10-17,1944.0,7740.0,110.9141,1.16,51.87
2017-10-18,1949.0,10170.0,110.7214,1.16,52.05
2017-10-19,1973.0,9120.0,110.4577,1.16,51.29
2017-10-20,1965.0,7030.0,111.0375,1.16,51.63
2017-10-23,1968.0,7480.0,111.2134,1.16,51.91
2017-10-24,1945.0,7710.0,111.4027,1.16,52.32
2017-10-25,1961.0,5540.0,111.3904,1.16,51.97
2017-10-26,1949.0,5210.0,111.6418,1.16,52.41
2017-10-27,1944.0,7730.0,112.1495,1.16,53.92
2017-10-30,1910.0,9370.0,111.901,1.16,54.11
2017-10-31,1878.0,14840.0,111.8052,1.07,54.36
2017-11-01,1838.0,14900.0,111.7942,1.16,54.32
2017-11-02,1870.0,8020.0,111.5474,1.16,54.55
2017-11-03,1856.0,5270.0,111.9383,1.16,55.63
2017-11-06,1855.0,4680.0,111.7197,1.16,57.34
2017-11-07,1824.0,10920.0,111.9446,1.16,57.19
2017-11-08,1810.0,7480.0,111.6935,1.16,56.82
2017-11-09,1824.0,5770.0,111.5626,1.16,57.16
2017-11-10,1816.0,3220.0,111.5626,1.16,56.75
2017-11-13,1824.0,4360.0,111.7833,1.16,56.77
2017-11-14,1836.0,6650.0,111.5097,1.16,55.67
2017-11-15,1847.0,5020.0,111.4809,1.16,55.28
2017-11-16,1845.0,3530.0,111.2568,1.16,55.14
2017-11-17,1824.0,4490.0,111.0016,1.16,56.21
2017-11-20,1810.0,5250.0,111.2599,1.16,56.21
2017-11-21,1801.0,6430.0,110.9828,1.16,56.84
2017-11-22,1757.0,9490.0,110.5632,1.16,57.88
2017-11-23,1756.0,2890.0,110.5632,1.16,57.88
2017-11-24,1749.0,6310.0,110.0253,1.16,58.94
2017-11-27,1720.0,11480.0,110.1136,1.16,58.1
2017-11-28,1743.0,12580.0,110.3018,1.16,57.96
2017-11-29,1766.0,7660.0,110.3265,1.16,57.25
2017-11-30,1726.0,9250.0,110.4648,1.07,57.4
2017-12-01,1750.0,3650.0,110.1413,1.16,58.35
2017-12-04,1720.0,4800.0,110.397,1.16,57.48
2017-12-05,1747.0,4190.0,110.4905,1.16,57.66
2017-12-06,1744.0,4490.0,110.8711,1.16,55.79
2017-12-07,1723.0,6380.0,111.0178,1.16,56.5
2017-12-08,1740.0,4560.0,111.2273,1.16,57.15
2017-12-11,1720.0,10280.0,111.0827,1.16,57.84
2017-12-12,1680.0,8970.0,111.5214,1.17,57.12
2017-12-13,1713.0,17690.0,111.2759,1.17,56.59
2017-12-14,1740.0,11310.0,111.0893,1.41,57.0
2017-12-15,1723.0,8640.0,111.1286,1.41,57.29
2017-12-18,1726.0,6750.0,110.9086,1.42,57.17
2017-12-19,1713.0,10300.0,111.1255,1.42,57.49
2017-12-20,1713.0,6720.0,110.8361,1.42,58.09
2017-12-21,1705.0,8620.0,110.8786,1.42,58.34
2017-12-22,1712.0,2980.0,111.0997,1.42,58.25
2017-12-26,1711.0,0.0,110.9758,1.42,59.55
2017-12-27,1711.0,9510.0,110.8553,1.42,59.67
2017-12-28,1715.0,8690.0,110.5154,1.42,59.84
2017-12-29,1718.0,3590.0,110.0783,1.33,60.46
2018-01-02,1733.0,7400.0,109.6445,1.42,60.37
2018-01-03,1735.0,5300.0,109.6751,1.42,61.61
2018-01-04,1728.0,5120.0,109.4777,1.42,61.98
2018-01-05,1724.0,3210.0,109.3496,1.42,61.49
2018-01-08,1686.0,10070.0,109.5681,1.42,61.73
2018-01-09,1724.0,13180.0,109.9025,1.42,62.92
2018-01-10,1726.0,5660.0,109.628,1.42,63.6
2018-01-11,1727.0,3960.0,109.4888,1.42,63.81
2018-01-12,1728.0,5250.0,108.901,1.42,64.22
2018-01-15,1729.0,2160.0,108.901,1.42,64.22
2018-01-16,1727.0,5910.0,108.3218,1.42,63.82
2018-01-17,1769.0,12900.0,108.1526,1.42,63.92
2018-01-18,1793.0,14850.0,108.0655,1.42,63.96
2018-01-19,1756.0,8700.0,107.9455,1.42,63.38
2018-01-22,1767.0,3640.0,108.107,1.42,63.66
2018-01-23,1749.0,4800.0,107.9979,1.42,64.45
2018-01-24,1775.0,4840.0,107.0802,1.42,65.69
2018-01-25,1763.0,6150.0,106.5052,1.42,65.62
2018-01-26,1767.0,3250.0,106.6911,1.42,66.27
2018-01-29,1757.0,4980.0,107.1142,1.42,65.71
2018-01-30,1728.0,8520.0,107.1064,1.42,64.64
2018-01-31,1762.0,8370.0,106.7696,1.34,64.82
2018-02-01,1752.0,4660.0,106.4877,1.42,65.92
2018-02-02,1745.0,3290.0,107.1151,1.42,65.5
2018-02-05,1752.0,4540.0,107.33,1.42,64.18
2018-02-06,1770.0,9350.0,107.5204,1.42,63.48
2018-02-07,1761.0,10700.0,107.7175,1.42,61.91
2018-02-08,1768.0,8250.0,108.3025,1.42,61.3
2018-02-09,1769.0,9430.0,108.2582,1.42,59.2
2018-02-12,1769.0,6370.0,108.0332,1.42,59.41
2018-02-13,1778.0,9320.0,107.7574,1.42,59.33
2018-02-14,1782.0,6820.0,107.4691,1.42,60.7
2018-02-15,1783.0,7040.0,106.9867,1.42,61.48
2018-02-16,1754.0,9880.0,107.0359,1.42,61.89
2018-02-19,1741.0,3990.0,107.0359,1.42,61.89
2018-02-20,1770.0,12830.0,107.6249,1.42,61.91
2018-02-21,1766.0,10170.0,107.8679,1.42,61.73
2018-02-22,1759.0,9420.0,107.8668,1.42,62.72
2018-02-23,1751.0,6620.0,107.6804,1.42,63.52
2018-02-26,1744.0,6140.0,107.7347,1.42,63.81
2018-02-27,1735.0,9460.0,108.1731,1.42,62.94
2018-02-28,1724.0,14570.0,108.3903,1.35,61.43
2018-03-01,1768.0,13250.0,108.5358,1.42,60.98
2018-03-02,1751.0,7170.0,108.5358,1.42,61.19
2018-03-05,1755.0,4290.0,108.3614,1.42,62.49
2018-03-06,1777.0,9400.0,107.7969,1.42,62.54
2018-03-07,1785.0,9130.0,108.0911,1.42,61.09
2018-03-08,1760.0,6570.0,108.2671,1.42,60.13
2018-03-09,1780.0,7300.0,107.923,1.42,62.02
2018-03-12,1769.0,4270.0,107.9438,1.42,61.35
2018-03-13,1763.0,4870.0,107.7384,1.42,60.69
2018-03-14,1752.0,7170.0,107.8623,1.42,60.89
2018-03-15,1728.0,8990.0,108.2032,1.43,61.16
2018-03-16,1745.0,6290.0,108.4332,1.43,62.29
2018-03-19,1757.0,4620.0,108.3145,1.43,62.01
2018-03-20,1754.0,4860.0,108.4953,1.44,63.37
2018-03-21,1752.0,2920.0,108.4953,1.44,65.1
2018-03-22,1742.0,4300.0,107.9935,1.68,64.25
2018-03-23,1690.0,12760.0,107.7495,1.68,65.8
2018-03-26,1688.0,9010.0,107.1819,1.68,65.49
2018-03-27,1735.0,11100.0,107.3359,1.68,65.21
2018-03-28,1729.0,6790.0,107.5733,1.68,64.3
2018-03-29,1725.0,4740.0,107.665,1.68,64.87
2018-04-03,1759.0,6320.0,107.5624,1.69,63.41
2018-04-04,1770.0,7730.0,107.6361,1.69,63.35
2018-04-05,1768.0,9690.0,107.7281,1.69,63.53
2018-04-06,1746.0,11080.0,107.7886,1.69,62.03
2018-04-09,1759.0,4660.0,107.5316,1.69,63.4
2018-04-10,1736.0,8750.0,107.3659,1.69,65.48
2018-04-11,1734.0,6850.0,107.1224,1.69,66.81
2018-04-12,1736.0,7450.0,107.2905,1.69,67.07
2018-04-13,1736.0,11740.0,107.2368,1.69,67.35
2018-04-16,1729.0,8800.0,107.0595,1.69,66.23
2018-04-17,1754.0,13010.0,107.0344,1.69,66.5
2018-04-18,1772.0,11620.0,107.1096,1.69,68.44
2018-04-19,1767.0,8550.0,107.5197,1.69,68.3
2018-04-20,1759.0,4650.0,108.1787,1.7,68.26
2018-04-23,1769.0,6770.0,108.9332,1.7,67.61
2018-04-24,1782.0,11150.0,108.7906,1.7,67.66
2018-04-25,1760.0,10060.0,109.3447,1.7,68.0
2018-04-26,1771.0,8480.0,109.3646,1.7,68.18
2018-04-27,1762.0,10120.0,109.1735,1.7,68.11
2018-04-30,1756.0,10570.0,109.3363,1.69,68.56
2018-05-01,1815.0,11550.0,109.7445,1.7,67.28
2018-05-02,1807.0,16059.999999999998,110.1625,1.7,67.91
2018-05-03,1831.0,10160.0,110.1803,1.7,68.45
2018-05-04,1813.0,7350.0,110.25,1.7,69.71
2018-05-08,1794.0,11270.0,111.063,1.7,68.83
2018-05-09,1747.0,14940.0,110.8818,1.7,71.16
2018-05-10,1743.0,9830.0,110.405,1.7,71.36
2018-05-11,1758.0,5080.0,110.2847,1.7,70.69
2018-05-14,1742.0,5130.0,110.408,1.7,71.01
2018-05-15,1728.0,8189.999999999999,111.2292,1.7,71.34
2018-05-16,1737.0,4880.0,111.3068,1.7,71.43
2018-05-17,1750.0,6110.0,111.3547,1.7,71.47
2018-05-18,1762.0,3670.0,111.7171,1.7,71.23
2018-05-21,1795.0,7290.0,111.6394,1.7,72.26
2018-05-22,1790.0,4880.0,111.1945,1.7,72.09
2018-05-23,1751.0,6660.0,111.6933,1.7,71.85
2018-05-24,1755.0,3650.0,111.4885,1.7,70.77
2018-05-25,1752.0,3960.0,111.5843,1.7,67.92
2018-05-28,1752.0,0.0,111.5843,1.7,67.92
2018-05-29,1741.0,4180.0,112.2127,1.7,66.8
2018-05-30,1732.0,7970.0,111.6731,1.7,68.24
2018-05-31,1752.0,8860.0,111.9894,1.7,66.98
2018-06-01,1738.0,4430.0,111.8265,1.7,65.81
2018-06-04,1732.0,2520.0,111.8247,1.7,64.76
2018-06-05,1733.0,4360.0,112.264,1.7,65.51
2018-06-06,1736.0,4370.0,111.7525,1.7,64.75
2018-06-07,1723.0,8160.0,112.0725,1.7,65.96
2018-06-08,1712.0,12640.0,112.1066,1.7,65.77
2018-06-11,1723.0,12060.0,112.1106,1.7,66.1
2018-06-12,1715.0,6780.0,112.2138,1.7,66.38
2018-06-13,1693.0,14220.0,112.2577,1.7,66.63
2018-06-14,1701.0,11240.0,112.8593,1.9,66.91
2018-06-15,1690.0,12200.0,113.3379,1.9,65.01
2018-06-18,1687.0,6050.0,113.4899,1.9,65.91
2018-06-19,1685.0,11650.0,113.639,1.91,65.09
2018-06-20,1695.0,11740.0,113.4784,1.92,65.92
2018-06-21,1701.0,10710.0,113.6109,1.92,65.68
2018-06-22,1705.0,7730.0,113.3047,1.92,69.02
2018-06-25,1676.0,11680.0,113.286,1.92,69.91
2018-06-26,1686.0,7490.0,113.3016,1.92,75.23
2018-06-27,1705.0,8370.0,113.8971,1.91,77.41
2018-06-28,1697.0,4330.0,113.8405,1.91,73.45
2018-06-29,1690.0,5580.0,113.2586,1.91,74.13
2018-07-02,1677.0,5540.0,114.1673,1.91,73.89
2018-07-03,1685.0,3900.0,113.3222,1.91,74.19
2018-07-04,1689.0,2380.0,113.3222,1.91,74.19
2018-07-05,1639.0,8220.0,112.9759,1.91,73.05
2018-07-06,1662.0,14020.0,112.6428,1.91,73.78
2018-07-09,1695.0,8330.0,112.6425,1.91,73.93
2018-07-10,1705.0,7430.0,112.5794,1.91,74.11
2018-07-11,1672.0,8109.999999999999,112.8582,1.91,70.47
2018-07-12,1681.0,12360.0,112.779,1.91,70.28
2018-07-13,1666.0,6530.0,113.0705,1.91,71.03
2018-07-16,1670.0,3740.0,112.8437,1.91,68.22
2018-07-17,1654.0,4350.0,113.1504,1.91,68.03
2018-07-18,1651.0,3810.0,113.3348,1.91,68.78
2018-07-19,1672.0,6010.0,113.9463,1.91,69.42
2018-07-20,1683.0,3900.0,113.3213,1.91,70.31
2018-07-23,1686.0,4780.0,113.4246,1.91,67.9
2018-07-24,1693.0,5700.0,113.2045,1.91,70.77
2018-07-25,1680.0,4630.0,112.9221,1.91,71.13
2018-07-26,1643.0,3510.0,112.9179,1.91,71.59
2018-07-27,1645.0,2450.0,112.8125,1.91,68.66
2018-07-30,1652.0,2960.0,112.6044,1.91,71.19
2018-07-31,1637.0,5640.0,112.7299,1.91,69.88
2018-08-01,1639.0,8220.0,112.8899,1.91,68.8
2018-08-02,1633.0,5170.0,113.1679,1.91,68.95
2018-08-03,1642.0,7550.0,113.012,1.91,68.49
2018-08-06,1652.0,8510.0,113.229,1.91,69.01
2018-08-07,1648.0,6700.0,112.9759,1.91,69.17
2018-08-08,1630.0,9050.0,113.1411,1.91,66.92
2018-08-09,1641.0,11610.0,113.3806,1.91,66.81
2018-08-10,1638.0,10200.0,114.3005,1.91,67.61
2018-08-13,1624.0,9270.0,114.851,1.91,67.25
2018-08-14,1620.0,10370.0,114.658,1.91,67.04
2018-08-15,1592.0,16030.000000000002,115.1526,1.91,65.07
2018-08-16,1596.0,14480.0,114.6416,1.92,65.44
2018-08-17,1560.0,10810.0,114.5339,1.92,65.93
2018-08-20,1566.0,10100.0,114.3504,1.92,66.5
2018-08-21,1561.0,14050.0,113.8604,1.92,67.32
2018-08-22,1548.0,11830.0,113.663,1.92,67.85
2018-08-23,1531.0,11890.0,114.0932,1.92,69.13
2018-08-24,1541.0,9220.0,113.5985,1.92,69.71
2018-08-28,1536.0,6930.0,113.3444,1.92,68.54
2018-08-29,1546.0,7100.0,113.6461,1.92,69.68
2018-08-30,1522.0,5250.0,114.0899,1.92,70.25
2018-08-31,1501.0,6320.0,114.2755,1.91,69.84
2018-09-03,1489.0,3310.0,114.2755,1.91,69.84
2018-09-04,1475.0,7110.0,114.8584,1.92,69.82
2018-09-05,1501.0,9190.0,114.7477,1.92,68.69
2018-09-06,1492.0,5310.0,114.6479,1.92,67.81
2018-09-07,1491.0,5930.0,114.5816,1.92,67.73
2018-09-10,1477.0,2910.0,114.6802,1.92,67.55
2018-09-11,1478.0,3270.0,114.7051,1.92,69.29
2018-09-12,1516.0,7940.0,114.2192,1.92,70.37
2018-09-13,1500.0,4450.0,113.9268,1.92,68.6
2018-09-14,1489.0,3850.0,114.0657,1.92,68.98
2018-09-17,1479.0,4110.0,113.9158,1.92,68.86
2018-09-18,1492.0,7450.0,113.7739,1.92,69.87
2018-09-19,1487.0,3840.0,113.6532,1.92,71.08
2018-09-20,1508.0,5620.0,113.4989,1.92,70.77
2018-09-21,1489.0,5190.0,113.5099,1.92,70.8
2018-09-24,1513.0,9750.0,113.5301,1.93,73.23
2018-09-25,1504.0,6220.0,113.7202,1.93,73.4
2018-09-26,1508.0,5750.0,113.6739,1.93,72.22
2018-09-27,1512.0,5920.0,113.9784,2.18,72.18
2018-09-28,1541.0,9460.0,113.8077,2.18,73.16
2018-10-01,1552.0,5960.0,113.8235,2.18,75.37
2018-10-02,1591.0,11440.0,113.8954,2.18,75.16
2018-10-03,1586.0,11660.0,114.1569,2.18,76.4
2018-10-04,1615.0,10990.0,114.6867,2.18,74.44
2018-10-05,1662.0,16079.999999999998,114.561,2.18,74.26
2018-10-08,1700.0,13100.0,114.561,2.18,74.27
2018-10-09,1704.0,9350.0,114.6583,2.18,74.95
2018-10-10,1698.0,11840.0,114.6072,2.18,73.18
2018-10-11,1699.0,14310.0,114.4074,2.18,70.97
2018-10-12,1725.0,9160.0,114.3691,2.18,71.41
2018-10-15,1752.0,10800.0,114.045,2.18,71.84
2018-10-16,1755.0,9540.0,113.8963,2.18,71.93
2018-10-17,1776.0,13220.0,114.1755,2.19,69.63
2018-10-18,1775.0,10350.0,114.8164,2.19,68.63
2018-10-19,1739.0,9060.0,114.8567,2.19,69.16
2018-10-22,1721.0,8950.0,115.1782,2.19,69.25
2018-10-23,1719.0,8630.0,115.1651,2.2,66.49
2018-10-24,1717.0,7140.0,115.3755,2.2,66.56
2018-10-25,1707.0,8470.0,115.4831,2.2,67.25
2018-10-26,1730.0,7710.0,115.473,2.2,67.58
2018-10-29,1687.0,8340.0,115.8936,2.2,67.0
2018-10-30,1676.0,6740.0,116.2357,2.2,66.18
2018-10-31,1675.0,4750.0,116.5281,2.2,65.31
2018-11-01,1712.0,8189.999999999999,115.8657,2.2,63.67
2018-11-02,1729.0,4090.0,115.643,2.19,63.12
2018-11-05,1688.0,5760.0,115.703,2.2,63.12
2018-11-06,1669.0,4160.0,115.5622,2.2,62.16
2018-11-07,1687.0,4270.0,115.2519,2.2,61.69
2018-11-08,1684.0,5750.0,115.6478,2.2,60.71
2018-11-09,1685.0,7640.0,116.4778,2.19,60.19
2018-11-12,1654.0,4750.0,116.4778,2.19,59.85
2018-11-13,1656.0,6510.0,116.6694,2.2,55.63
2018-11-14,1663.0,6760.0,116.498,2.2,56.16
2018-11-15,1667.0,4230.0,116.3861,2.2,56.45
2018-11-16,1646.0,4440.0,115.9258,2.2,56.49
2018-11-19,1632.0,4860.0,115.9859,2.2,57.16
2018-11-20,1625.0,3550.0,116.2367,2.2,53.39
2018-11-21,1615.0,5260.0,116.092,2.2,54.41
2018-11-22,1610.0,4670.0,116.092,2.2,54.41
2018-11-23,1611.0,3920.0,116.4713,2.2,54.41
2018-11-26,1637.0,5700.0,116.6208,2.2,51.46
2018-11-27,1647.0,5870.0,116.9001,2.2,51.31
2018-11-28,1630.0,5020.0,116.8343,2.2,50.06
2018-11-29,1625.0,4470.0,116.1961,2.2,51.46
2018-11-30,1599.0,6120.0,116.413,2.2,50.78
2018-12-03,1590.0,4090.0,115.9057,2.19,52.98
2018-12-04,1581.0,5010.0,116.0028,2.2,53.21
2018-12-05,1580.0,4450.0,116.0028,2.2,52.64
2018-12-06,1563.0,7360.0,116.3991,2.2,51.54
2018-12-07,1554.0,8670.0,116.0847,2.19,52.76
2018-12-10,1548.0,13060.0,116.6746,2.2,51.07
2018-12-11,1527.0,11660.0,116.7564,2.19,51.65
2018-12-12,1522.0,8270.0,116.2214,2.19,51.04
2018-12-13,1504.0,12250.0,116.3974,2.19,52.69
2018-12-14,1470.0,15100.0,116.79,2.19,51.26
2018-12-17,1478.0,9910.0,116.4532,2.2,49.8
2018-12-18,1487.0,9830.0,116.4127,2.2,46.12
2018-12-19,1507.0,10880.0,116.0676,2.2,47.96
2018-12-20,1524.0,11620.0,116.0183,2.4,45.64
2018-12-21,1491.0,12820.0,116.2227,2.4,45.38
2018-12-24,1515.0,2500.0,116.2182,2.4,45.38
2018-12-26,1515.0,0.0,116.1162,2.4,46.04
2018-12-27,1508.0,5410.0,115.9927,2.4,44.48
2018-12-28,1528.0,3380.0,115.7232,2.4,45.15
2018-12-31,1525.0,3880.0,115.5674,2.4,45.15
2019-01-02,1530.0,4880.0,115.7689,2.4,46.31
2019-01-03,1556.0,6660.0,115.4622,2.4,46.92
2019-01-04,1545.0,4780.0,114.9821,2.4,47.76
2019-01-07,1542.0,6440.0,114.5628,2.4,48.27
2019-01-08,1556.0,7660.0,114.7281,2.4,49.58
2019-01-09,1535.0,5700.0,114.1406,2.4,52.19
2019-01-10,1536.0,7120.0,114.0496,2.4,52.42
2019-01-11,1543.0,4250.0,114.0404,2.4,51.44
2019-01-14,1528.0,4340.0,114.0404,2.4,50.31
2019-01-15,1527.0,4390.0,114.3402,2.4,51.8
2019-01-16,1539.0,5750.0,114.137,2.4,52.08
2019-01-17,1535.0,4960.0,114.4115,2.4,51.83
2019-01-18,1544.0,7490.0,114.558,2.4,53.6
2019-01-21,1538.0,2760.0,114.558,2.4,53.6
2019-01-22,1516.0,6720.0,114.7541,2.4,52.59
2019-01-23,1523.0,4750.0,114.5759,2.4,52.44
2019-01-24,1548.0,6090.0,114.617,2.4,52.94
2019-01-25,1534.0,5500.0,114.0197,2.4,53.53
2019-01-28,1533.0,3520.0,114.0522,2.4,51.79
2019-01-29,1558.0,4140.0,114.026,2.4,53.07
2019-01-30,1548.0,4710.0,114.0731,2.4,54.18
2019-01-31,1572.0,5190.0,113.5504,2.4,53.84
2019-02-01,1571.0,6550.0,113.7548,2.4,55.29
2019-02-04,1578.0,5000.0,113.8766,2.4,54.57
2019-02-05,1557.0,4750.0,114.0431,2.4,53.69
2019-02-06,1573.0,5420.0,114.2305,2.4,53.94
2019-02-07,1566.0,7120.0,114.4339,2.4,52.68
2019-02-08,1550.0,6260.0,114.5003,2.4,52.75
2019-02-11,1528.0,15960.0,115.031,2.4,52.43
2019-02-12,1535.0,8420.0,114.7297,2.4,53.14
2019-02-13,1534.0,7790.0,114.9407,2.4,53.84
2019-02-14,1537.0,9330.0,115.1007,2.4,54.4
2019-02-15,1555.0,12420.0,114.9923,2.4,55.58
2019-02-18,1555.0,4059.9999999999995,114.9923,2.4,55.58
2019-02-19,1538.0,9010.0,114.57,2.4,56.12
2019-02-20,1544.0,11220.0,114.57,2.4,56.9
2019-02-21,1533.0,12390.0,114.5091,2.4,56.95
2019-02-22,1539.0,10690.0,114.2716,2.4,57.01
2019-02-25,1550.0,4610.0,114.1457,2.4,55.32
2019-02-26,1538.0,6800.0,114.0687,2.4,55.4
2019-02-27,1548.0,6960.0,114.0363,2.4,56.92
2019-02-28,1537.0,6580.0,114.1991,2.4,57.21
2019-03-01,1534.0,4720.0,114.537,2.4,55.76
2019-03-04,1521.0,6180.0,114.6925,2.4,56.6
2019-03-05,1527.0,4740.0,114.804,2.4,56.55
2019-03-06,1532.0,3850.0,114.9714,2.4,56.22
2019-03-07,1505.0,5880.0,115.4919,2.4,56.6
2019-03-08,1530.0,5310.0,115.3599,2.4,55.77
2019-03-11,1532.0,4330.0,115.2967,2.4,56.79
2019-03-12,1525.0,4490.0,114.939,2.4,56.89
2019-03-13,1518.0,4970.0,114.7372,2.4,58.27
2019-03-14,1490.0,7850.0,114.79,2.4,58.59
2019-03-15,1485.0,12690.0,114.5815,2.4,58.51
2019-03-18,1485.0,5590.0,114.4375,2.4,59.09
2019-03-19,1508.0,7760.0,114.2324,2.4,59.12
2019-03-20,1495.0,7040.0,114.1509,2.41,60.12
2019-03-21,1503.0,8270.0,114.1684,2.41,59.98
2019-03-22,1494.0,4630.0,114.6856,2.41,58.87
2019-03-25,1499.0,4560.0,114.4171,2.4,58.71
2019-03-26,1512.0,3580.0,114.6414,2.4,59.87
2019-03-27,1503.0,7670.0,115.1243,2.41,59.39
2019-03-28,1492.0,7690.0,115.2581,2.41,59.29
2019-03-29,1471.0,16200.0,115.1371,2.43,60.19
2019-04-01,1437.0,10180.0,114.9362,2.41,61.59
2019-04-02,1429.0,6480.0,115.1173,2.41,62.53
2019-04-03,1472.0,7780.0,114.7211,2.41,62.46
2019-04-04,1465.0,7550.0,114.9697,2.41,62.12
2019-04-05,1437.0,10440.0,114.9726,2.41,63.1
2019-04-08,1442.0,7730.0,114.6893,2.41,64.37
2019-04-09,1442.0,11910.0,114.5321,2.41,64.05
2019-04-10,1452.0,13490.0,114.4269,2.41,64.62
2019-04-11,1421.0,10080.0,114.6303,2.41,63.61
2019-04-12,1418.0,11330.0,114.3531,2.41,63.86
2019-04-15,1438.0,6850.0,114.495,2.41,63.43
2019-04-16,1431.0,6030.0,114.6756,2.41,64.01
2019-04-17,1412.0,8240.0,114.5141,2.42,63.74
2019-04-18,1416.0,7740.0,114.7073,2.43,64.02
2019-04-23,1399.0,12970.0,115.1578,2.44,66.24
2019-04-24,1391.0,13560.0,115.4187,2.44,65.96
2019-04-25,1390.0,7520.0,115.7709,2.44,65.23
2019-04-26,1410.0,5830.0,115.4767,2.44,63.29
2019-04-29,1403.0,4620.0,115.5227,2.45,63.39
2019-04-30,1407.0,4250.0,115.3281,2.45,63.83
2019-05-01,1376.0,6650.0,115.0022,2.45,63.55
2019-05-02,1364.0,5000.0,115.5617,2.41,61.75
2019-05-03,1345.0,7120.0,115.2646,2.4,61.98
2019-05-07,1295.0,14070.0,115.6116,2.4,61.41
2019-05-08,1290.0,10330.0,115.5171,2.39,62.13
2019-05-09,1345.0,16730.0,115.8421,2.38,61.58
2019-05-10,1364.0,11390.0,115.5334,2.38,61.65
2019-05-13,1346.0,6650.0,115.915,2.38,60.97
2019-05-14,1392.0,14630.0,115.9425,2.38,61.82
2019-05-15,1375.0,7980.0,115.8565,2.4,62.03
2019-05-16,1335.0,11560.0,116.0346,2.39,62.93
2019-05-17,1301.0,10350.0,116.448,2.39,62.77
2019-05-20,1334.0,7110.0,116.3119,2.39,63.12
2019-05-21,1364.0,7970.0,116.2844,2.39,63.02
2019-05-22,1361.0,8240.0,116.2412,2.38,61.42
2019-05-23,1369.0,6120.0,116.2368,2.38,57.65
2019-05-24,1368.0,8180.0,116.0806,2.38,58.4
2019-05-28,1392.0,5040.0,116.3174,2.39,58.91
2019-05-29,1430.0,6360.0,116.5535,2.39,58.84
2019-05-30,1474.0,9940.0,116.3989,2.39,56.47
2019-05-31,1498.0,8770.0,116.7273,2.4,53.49
2019-06-03,1500.0,8080.0,116.4764,2.38,53.25
2019-06-04,1504.0,6570.0,116.091,2.38,53.5
2019-06-05,1437.0,9970.0,116.03,2.38,51.57
2019-06-06,1455.0,6200.0,115.9771,2.37,52.59
2019-06-07,1455.0,7270.0,115.7368,2.37,53.95
2019-06-10,1441.0,8360.0,115.5001,2.37,53.33
2019-06-11,1415.0,13580.0,115.3794,2.37,53.3
2019-06-12,1429.0,7070.0,115.438,2.37,51.13
2019-06-13,1414.0,9750.0,115.6275,2.37,52.38
2019-06-14,1392.0,10020.0,115.9057,2.36,52.47
2019-06-17,1386.0,10270.0,115.9684,2.38,51.94
2019-06-18,1372.0,12910.0,115.8797,2.37,53.86
2019-06-19,1372.0,12650.0,115.7889,2.37,53.74
2019-06-20,1419.0,11230.0,114.8046,2.37,56.88
2019-06-21,1414.0,12290.0,114.8377,2.38,57.35
2019-06-24,1422.0,13460.0,114.6559,2.38,57.73
2019-06-25,1455.0,14420.0,114.6363,2.38,57.63
2019-06-26,1434.0,8020.0,114.5608,2.38,59.17
2019-06-27,1430.0,5240.0,114.665,2.38,59.18
2019-06-28,1451.0,7650.0,114.5821,2.4,58.2
2019-07-01,1474.0,13760.0,114.7239,2.39,58.91
2019-07-02,1444.0,8660.0,114.8258,2.4,56.0
2019-07-03,1455.0,5610.0,114.8135,2.41,57.06
2019-07-04,1474.0,4630.0,114.8135,2.41,57.06
2019-07-05,1444.0,9100.0,115.1132,2.42,57.06
2019-07-08,1426.0,8050.000000000001,115.0254,2.41,57.35
2019-07-09,1436.0,4150.0,115.1017,2.41,57.57
2019-07-10,1430.0,4880.0,115.0879,2.41,60.28
2019-07-11,1427.0,3240.0,114.8361,2.4,59.93
2019-07-12,1424.0,3100.0,114.7685,2.38,59.99
2019-07-15,1434.0,7760.0,114.6819,2.4,59.3
2019-07-16,1401.0,5100.0,115.0111,2.41,57.44
2019-07-17,1423.0,4880.0,114.8819,2.41,56.5
2019-07-18,1427.0,4200.0,114.8744,2.41,55.08
2019-07-19,1419.0,3600.0,114.8695,2.41,55.42
2019-07-22,1393.0,4530.0,115.0018,2.4,55.87
2019-07-23,1369.0,8760.0,115.2995,2.4,56.58
2019-07-24,1360.0,6820.0,115.2436,2.4,55.9
2019-07-25,1358.0,6360.0,115.2982,2.4,55.88
2019-07-26,1373.0,10110.0,115.5449,2.4,56.04
2019-07-29,1397.0,5660.0,115.5885,2.4,56.85
2019-07-30,1382.0,7470.0,115.6211,2.39,58.04
2019-07-31,1367.0,6660.0,115.4946,2.4,58.53
2019-08-01,1335.0,9340.0,116.0499,2.14,53.64
2019-08-02,1337.0,5620.0,116.1864,2.14,55.67
2019-08-05,1323.0,6770.0,116.5851,2.13,54.63
2019-08-06,1334.0,5410.0,116.6904,2.13,53.6
2019-08-07,1328.0,5240.0,116.7987,2.12,51.14
2019-08-08,1338.0,11050.0,116.474,2.12,52.6
2019-08-09,1321.0,9800.0,116.4419,2.12,54.41
2019-08-12,1296.0,15110.0,116.7548,2.12,54.98
2019-08-13,1332.0,12610.0,116.7267,2.12,57.05
2019-08-14,1338.0,16560.0,117.0913,2.12,55.16
2019-08-15,1354.0,10440.0,117.2239,2.13,54.51
2019-08-16,1333.0,6880.0,117.0786,2.13,54.83
2019-08-19,1319.0,9960.0,117.3886,2.13,56.24
2019-08-20,1324.0,9710.0,117.3726,2.13,56.18
2019-08-21,1328.0,9550.0,117.1764,2.12,55.65
2019-08-22,1327.0,10100.0,117.3558,2.12,55.33
2019-08-23,1314.0,14530.0,117.3009,2.12,54.08
2019-08-27,1339.0,9900.0,117.75,2.12,54.99
2019-08-28,1351.0,11350.0,117.8767,2.12,55.76
2019-08-29,1325.0,6550.0,118.0625,2.12,56.67
2019-08-30,1334.0,5380.0,118.1575,2.13,55.07
2019-09-02,1329.0,2880.0,118.1575,2.13,55.07
2019-09-03,1304.0,5900.0,118.3113,2.13,53.91
2019-09-04,1310.0,5070.0,117.6729,2.13,56.22
2019-09-05,1272.0,7570.0,117.4776,2.13,56.33
2019-09-06,1295.0,7780.0,117.1292,2.12,56.45
2019-09-09,1304.0,4820.0,117.0601,2.13,57.88
2019-09-10,1327.0,8670.0,117.0887,2.13,57.37
2019-09-11,1338.0,7460.0,117.3125,2.13,55.66
2019-09-12,1331.0,6730.0,116.8375,2.13,55.13
2019-09-13,1318.0,6470.0,116.7677,2.14,54.76
2019-09-16,1328.0,6130.0,117.0251,2.25,63.1
2019-09-17,1313.0,5700.0,116.9826,2.3,59.26
2019-09-18,1319.0,4950.0,116.9766,2.25,58.19
2019-09-19,1300.0,5660.0,117.0861,1.9,58.19
2019-09-20,1304.0,4670.0,117.1819,1.9,57.92
2019-09-23,1316.0,6670.0,117.2986,1.9,58.69
2019-09-24,1317.0,7740.0,117.2227,1.9,57.22
2019-09-25,1331.0,5730.0,117.6527,1.9,56.38
2019-09-26,1332.0,5410.0,117.7267,1.85,56.24
2019-09-27,1341.0,3480.0,117.7218,1.83,55.95
2019-09-30,1340.0,5760.0,117.9461,1.9,54.09
2019-10-01,1330.0,6540.0,117.9595,1.88,53.6
2019-10-02,1322.0,4270.0,117.9671,1.85,52.67
2019-10-03,1331.0,6810.0,117.6608,1.83,52.41
2019-10-04,1312.0,5670.0,117.5288,1.82,52.84
2019-10-07,1276.0,11800.0,117.5533,1.82,52.76
2019-10-08,1282.0,11890.0,117.7407,1.82,52.64
2019-10-09,1280.0,8890.0,117.6835,1.82,52.63
2019-10-10,1277.0,15160.0,117.2801,1.82,53.57
2019-10-11,1263.0,13730.0,116.8239,1.82,54.76
2019-10-14,1276.0,15450.0,116.8239,1.82,53.57
2019-10-15,1264.0,9200.0,116.8111,1.9,52.81
2019-10-16,1240.0,18030.0,116.6425,1.9,53.42
2019-10-17,1227.0,14330.0,116.2615,1.85,53.89
2019-10-18,1251.0,14640.0,116.1344,1.85,53.75
2019-10-21,1244.0,8360.0,116.0436,1.85,53.28
2019-10-22,1248.0,8039.999999999999,115.9851,1.85,54.21
2019-10-23,1241.0,6830.0,116.0586,1.85,55.9
2019-10-24,1237.0,8570.0,116.1278,1.85,56.11
2019-10-25,1250.0,12610.0,116.0774,1.83,56.52
2019-10-28,1277.0,12940.0,116.0222,1.83,55.6
2019-10-29,1276.0,8100.0,115.9797,1.82,55.34
2019-10-30,1291.0,6660.0,116.1636,1.82,54.85
2019-10-31,1322.0,13320.0,115.9125,1.58,54.02
2019-11-01,1322.0,10700.0,115.7312,1.57,56.04
2019-11-04,1306.0,9800.0,115.8624,1.56,56.33
2019-11-05,1339.0,9720.0,116.1138,1.56,57.04
2019-11-06,1352.0,15210.0,116.1004,1.55,56.15
2019-11-07,1378.0,12490.0,116.1172,1.55,56.91
2019-11-08,1384.0,10630.0,116.3436,1.55,57.02
2019-11-11,1375.0,13030.0,116.3436,1.55,57.02
2019-11-12,1371.0,9760.0,116.5837,1.55,56.67
2019-11-13,1411.0,10900.0,116.8397,1.55,56.88
2019-11-14,1421.0,18970.0,116.8022,1.55,56.57
2019-11-15,1398.0,13720.0,116.4401,1.55,57.54
2019-11-18,1372.0,12060.0,116.3625,1.55,56.82
2019-11-19,1340.0,11290.0,116.5391,1.55,54.93
2019-11-20,1386.0,14940.0,116.828,1.55,56.71
2019-11-21,1402.0,14780.0,116.7435,1.55,58.36
2019-11-22,1402.0,7530.0,116.9137,1.55,57.68
2019-11-25,1418.0,10020.0,117.0098,1.55,57.79
2019-11-26,1391.0,14600.0,117.0513,1.55,58.25
2019-11-27,1402.0,8480.0,117.1273,1.55,58.12
2019-11-28,1398.0,2690.0,117.1273,1.55,58.12
2019-11-29,1406.0,7770.0,117.1204,1.56,58.12
2019-12-02,1410.0,11440.0,116.9647,1.56,55.97
2019-12-03,1412.0,11630.0,116.8898,1.55,56.15
2019-12-04,1370.0,14060.0,116.692,1.55,58.46
2019-12-05,1401.0,8400.0,116.3838,1.55,58.42
2019-12-06,1412.0,17040.0,116.5381,1.55,59.2
2019-12-09,1401.0,17390.0,116.3283,1.55,58.99
2019-12-10,1453.0,24700.0,116.2542,1.55,59.22
2019-12-11,1427.0,24560.0,116.1478,1.55,58.74
2019-12-12,1447.0,11540.0,115.8741,1.55,59.18
2019-12-13,1417.0,10010.0,115.6967,1.55,60.11
2019-12-16,1450.0,11560.0,115.555,1.56,60.21
2019-12-17,1416.0,10760.0,115.5553,1.55,60.88
2019-12-18,1409.0,12930.0,115.6618,1.55,60.93
2019-12-19,1367.0,10950.0,115.5988,1.55,61.3
2019-12-20,1374.0,8230.0,115.7598,1.55,60.43
2019-12-23,1335.0,8080.0,115.8059,1.55,60.51
2019-12-24,1350.0,1920.0,115.8059,1.55,61.17
2019-12-27,1387.0,7180.0,115.22,1.55,61.76
2019-12-30,1375.0,4690.0,114.9631,1.55,61.66
2019-12-31,1382.0,3570.0,114.669,1.55,61.14
2020-01-02,1380.0,5490.0,114.9745,1.55,61.17
2020-01-03,1372.0,4470.0,114.9867,1.55,63.0
2020-01-06,1352.0,6390.0,114.9557,1.55,63.27
2020-01-07,1364.0,6450.0,115.1477,1.55,62.7
2020-01-08,1354.0,5840.0,115.1328,1.55,59.65
2020-01-09,1338.0,6260.0,115.2331,1.55,59.56
2020-01-10,1345.0,7040.0,115.0677,1.54,59.02
2020-01-13,1312.0,6450.0,115.0342,1.54,58.17
2020-01-14,1320.0,7870.0,115.0239,1.54,58.34
2020-01-15,1327.0,9520.0,114.9528,1.54,57.86
2020-01-16,1314.0,5510.0,115.0006,1.54,58.52
2020-01-17,1319.0,3880.0,115.0656,1.55,58.55
2020-01-20,1305.0,2650.0,115.0656,1.55,58.55
2020-01-21,1335.0,13420.0,115.1876,1.55,58.25
2020-01-22,1337.0,7570.0,115.2273,1.55,56.76
2020-01-23,1367.0,13820.0,115.5545,1.55,55.51
2020-01-24,1319.0,10850.0,115.5556,1.55,54.09
2020-01-27,1328.0,7340.0,115.8004,1.55,53.09
2020-01-28,1337.0,5270.0,115.7239,1.55,53.33
2020-01-29,1317.0,5120.0,115.7003,1.55,53.29
2020-01-30,1315.0,9860.0,115.8077,1.6,52.19
2020-01-31,1342.0,8600.0,115.7345,1.59,51.58
2020-02-03,1302.0,8540.0,116.1172,1.59,50.06
2020-02-04,1290.0,9370.0,115.9291,1.59,49.59
2020-02-05,1284.0,8039.999999999999,116.009,1.59,50.87
2020-02-06,1297.0,8570.0,116.1518,1.59,50.94
2020-02-07,1290.0,8650.0,116.5086,1.58,50.34
2020-02-10,1285.0,11340.0,116.5711,1.58,49.59
2020-02-11,1299.0,16630.0,116.3585,1.58,50.0
2020-02-12,1287.0,9140.0,116.2794,1.58,51.13
2020-02-13,1301.0,8670.0,116.3999,1.58,51.41
2020-02-14,1314.0,10530.0,116.4223,1.58,52.03
2020-02-17,1314.0,5220.0,116.4223,1.58,52.03
2020-02-18,1293.0,13930.0,116.6039,1.59,52.1
2020-02-19,1290.0,13390.0,116.7829,1.59,53.31
2020-02-20,1279.0,11390.0,117.2454,1.59,53.77
2020-02-21,1296.0,10060.0,117.0473,1.58,53.36
2020-02-24,1273.0,15780.0,117.4018,1.58,51.36
2020-02-25,1282.0,4690.0,117.2425,1.58,49.78
2020-02-26,1295.0,6230.0,117.405,1.58,48.67
2020-02-27,1289.0,9030.0,117.3678,1.58,47.17
2020-02-28,1283.0,8850.0,117.6568,1.58,44.83
2020-03-02,1291.0,10320.0,116.8144,1.59,46.78
2020-03-03,1331.0,13920.0,116.4958,1.59,47.27
2020-03-04,1307.0,8060.000000000001,116.7802,1.09,46.78
2020-03-05,1274.0,6840.0,116.7901,1.09,45.9
2020-03-06,1245.0,16140.0,116.7106,1.09,41.14
2020-03-09,1247.0,19800.0,117.1871,1.09,31.05
2020-03-10,1279.0,13750.0,117.9027,1.09,34.47
2020-03-11,1271.0,8180.0,118.2505,1.09,33.13
2020-03-12,1249.0,8370.0,120.4883,1.1,31.56
2020-03-13,1241.0,8590.0,120.4388,1.1,31.72
2020-03-16,1221.0,10100.0,120.9352,0.25,28.96
2020-03-17,1212.0,6500.0,122.4816,0.25,26.96
2020-03-18,1227.0,13630.0,124.1623,0.25,20.48
2020-03-19,1216.0,12110.0,125.0587,0.2,25.09
2020-03-20,1244.0,7560.0,124.9362,0.15,19.48
2020-03-23,1244.0,6460.0,126.1262,0.15,23.33
2020-03-24,1257.0,7370.0,125.5001,0.12,21.03
2020-03-25,1259.0,6570.0,124.7916,0.1,20.75
2020-03-26,1278.0,4200.0,122.4308,0.1,16.6
2020-03-27,1244.0,6400.0,122.4007,0.1,15.48
2020-03-30,1237.0,4440.0,123.2883,0.09,14.1
2020-03-31,1222.0,7830.0,122.5301,0.08,20.51
2020-04-01,1204.0,6520.0,123.7933,0.06,20.28
2020-04-02,1234.0,8350.0,123.5916,0.05,25.18
2020-04-03,1220.0,6790.0,124.4152,0.05,28.36
2020-04-06,1221.0,4840.0,124.16,0.05,26.21
2020-04-07,1233.0,8280.0,123.0956,0.05,23.54
2020-04-08,1230.0,8720.0,123.2216,0.05,24.97
2020-04-09,1219.0,7850.0,122.476,0.05,22.9
2020-04-14,1192.0,11390.0,122.1121,0.05,20.15
2020-04-15,1206.0,16950.0,123.0752,0.05,19.96
2020-04-16,1205.0,6970.0,123.4615,0.05,19.82
2020-04-17,1188.0,8860.0,122.871,0.05,18.31
2020-04-20,1177.0,6200.0,123.1033,0.05,-36.98
2020-04-21,1139.0,10460.0,123.9116,0.05,8.91
2020-04-22,1121.0,10520.0,123.9256,0.05,13.64
2020-04-23,1150.0,12180.0,123.7542,0.04,15.06
2020-04-24,1144.0,11620.0,124.1615,0.05,15.99
2020-04-27,1150.0,4500.0,123.8843,0.04,12.17
2020-04-28,1180.0,7530.0,123.3693,0.04,12.4
2020-04-29,1186.0,6000.0,122.7782,0.04,15.04
2020-04-30,1194.0,5390.0,122.327,0.05,19.23
2020-05-01,1205.0,3780.0,123.1492,0.05,19.72
2020-05-04,1197.0,5490.0,123.2117,0.05,20.47
2020-05-05,1200.0,7650.0,122.803,0.05,24.56
2020-05-06,1201.0,6010.0,123.609,0.05,23.88
2020-05-07,1186.0,7710.0,123.1249,0.05,23.68
2020-05-11,1198.0,7470.0,123.2333,0.05,24.02
2020-05-12,1180.0,4600.0,123.0592,0.05,25.76
2020-05-13,1147.0,8140.000000000001,123.5408,0.05,25.37
2020-05-14,1168.0,5180.0,123.6429,0.05,27.4
2020-05-15,1178.0,6500.0,123.5991,0.05,29.44
2020-05-18,1182.0,4460.0,122.7968,0.05,31.83
2020-05-19,1184.0,7670.0,122.5655,0.05,32.3
2020-05-20,1186.0,5700.0,122.1007,0.05,33.56
2020-05-21,1189.0,5470.0,122.0914,0.05,34.3
2020-05-22,1207.0,8260.0,122.3211,0.05,33.49
2020-05-26,1242.0,6600.0,121.3864,0.05,34.7
2020-05-27,1232.0,6660.0,121.5677,0.05,32.8
2020-05-28,1199.0,8080.0,121.0138,0.05,33.67
2020-05-29,1189.0,6410.0,120.9458,0.05,35.57
2020-06-01,1178.0,4670.0,120.2686,0.05,35.49
2020-06-02,1198.0,5110.0,119.6854,0.06,36.88
2020-06-03,1218.0,8400.0,119.2556,0.06,37.33
2020-06-04,1210.0,7820.0,119.3014,0.06,37.42
2020-06-05,1245.0,14160.0,118.8138,0.07,39.49
2020-06-08,1263.0,11120.0,118.6621,0.07,38.17
2020-06-09,1247.0,15990.0,118.5893,0.07,38.98
2020-06-10,1253.0,8860.0,118.5231,0.08,39.54
2020-06-11,1227.0,12390.0,119.2347,0.08,36.43
2020-06-12,1212.0,10290.0,119.6645,0.08,36.24
2020-06-15,1194.0,9110.0,119.9539,0.09,37.07
2020-06-16,1177.0,10260.0,119.567,0.09,38.26
2020-06-17,1182.0,12110.0,119.9105,0.09,37.91
2020-06-18,1164.0,11860.0,120.2173,0.09,38.79
2020-06-19,1175.0,8180.0,120.2186,0.09,39.72
2020-06-22,1188.0,7960.0,119.7532,0.08,40.6
2020-06-23,1185.0,11020.0,119.3285,0.08,40.4
2020-06-24,1176.0,8870.0,119.9744,0.08,37.91
2020-06-25,1154.0,6550.0,120.2997,0.08,38.66
2020-06-26,1153.0,6450.0,120.533,0.08,38.53
2020-06-29,1178.0,9750.0,120.6658,0.08,39.67
2020-06-30,1187.0,6430.0,120.4649,0.08,39.27
2020-07-01,1204.0,8810.0,120.0808,0.08,39.88
2020-07-02,1202.0,5840.0,119.8555,0.09,40.57
2020-07-03,1199.0,2670.0,119.8555,0.09,40.57
2020-07-06,1175.0,8520.0,119.2852,0.09,40.51
2020-07-07,1191.0,7660.0,119.5717,0.09,40.59
2020-07-08,1192.0,6120.0,119.5525,0.09,40.91
2020-07-09,1197.0,5190.0,119.5129,0.09,39.64
2020-07-10,1197.0,8480.0,119.3509,0.09,40.56
2020-07-13,1224.0,8170.0,119.1891,0.09,40.06
2020-07-14,1215.0,5830.0,119.3901,0.09,40.3
2020-07-15,1226.0,4190.0,119.0331,0.1,41.2
2020-07-16,1243.0,8770.0,118.9275,0.1,40.74
2020-07-17,1293.0,16280.000000000002,119.124,0.09,40.55
2020-07-20,1278.0,15890.0,119.0483,0.1,40.83
2020-07-21,1317.0,12800.0,118.4042,0.1,41.76
2020-07-22,1357.0,18190.0,118.1337,0.09,41.88
2020-07-23,1350.0,13260.0,118.0613,0.09,40.99
2020-07-24,1358.0,12420.0,118.1329,0.09,41.23
2020-07-27,1346.0,9760.0,117.3869,0.1,41.46
2020-07-28,1350.0,7250.0,117.3189,0.1,40.89
2020-07-29,1358.0,7390.0,117.2126,0.1,41.13
2020-07-30,1356.0,10600.0,117.4008,0.1,39.85
2020-07-31,1361.0,4050.0,117.2082,0.1,40.1
2020-08-03,1350.0,9890.0,117.8074,0.1,40.83
2020-08-04,1386.0,14020.0,117.7833,0.1,41.67
2020-08-05,1362.0,16300.0,116.8736,0.1,42.25
2020-08-06,1353.0,11410.0,117.0422,0.1,41.93
2020-08-07,1363.0,11820.0,117.6239,0.1,41.16
2020-08-10,1357.0,8100.0,117.5821,0.1,41.94
2020-08-11,1337.0,11230.0,117.3781,0.1,41.53
2020-08-12,1342.0,6110.0,117.2559,0.1,42.6
2020-08-13,1382.0,9040.0,117.1193,0.1,42.26
2020-08-14,1384.0,9060.0,116.9395,0.1,42.05
2020-08-17,1378.0,5300.0,116.749,0.1,42.89
2020-08-18,1396.0,8400.0,116.5593,0.09,42.89
2020-08-19,1384.0,9070.0,116.567,0.09,42.91
2020-08-20,1385.0,8680.0,116.8126,0.09,42.62
2020-08-21,1406.0,6420.0,117.0572,0.09,42.32
2020-08-24,1404.0,11420.0,116.912,0.09,42.44
2020-08-25,1421.0,6190.0,116.8206,0.09,43.17
2020-08-26,1427.0,10080.0,116.6243,0.09,43.21
2020-08-27,1405.0,7800.0,116.649,0.08,42.88
2020-08-28,1429.0,8090.0,115.9374,0.09,42.96
2020-09-01,1463.0,8760.0,115.5687,0.09,42.76
2020-09-02,1440.0,6920.0,116.0304,0.09,42.76
2020-09-03,1436.0,4730.0,116.0685,0.09,41.39
2020-09-04,1444.0,7140.0,116.0347,0.09,39.69
2020-09-07,1427.0,3640.0,116.0347,0.09,39.69
2020-09-08,1411.0,6100.0,116.4618,0.09,36.87
2020-09-09,1416.0,5210.0,116.1291,0.09,38.05
2020-09-10,1423.0,5760.0,115.8806,0.09,37.25
2020-09-11,1433.0,5990.0,116.0866,0.09,37.33
2020-09-14,1387.0,12400.0,115.6428,0.09,37.23
2020-09-15,1391.0,9490.0,115.5908,0.09,38.29
2020-09-16,1392.0,6460.0,115.3537,0.09,40.17
2020-09-17,1387.0,7940.0,115.4392,0.09,40.99
2020-09-18,1356.0,7300.0,115.2395,0.09,41.09
2020-09-21,1347.0,9580.0,116.378,0.09,39.26
2020-09-22,1341.0,6430.0,116.5438,0.09,39.55
2020-09-23,1349.0,7640.0,117.2526,0.09,39.92
2020-09-24,1352.0,5540.0,117.5473,0.09,40.11
2020-09-25,1376.0,3740.0,117.8679,0.09,40.06
2020-09-28,1346.0,3350.0,117.6178,0.09,40.47
2020-09-29,1330.0,8730.0,117.526,0.09,39.03
2020-09-30,1331.0,6980.0,116.946,0.09,40.05
2020-10-01,1315.0,7750.0,116.7227,0.09,38.51
2020-10-02,1311.0,9770.0,116.7321,0.09,36.9
2020-10-05,1293.0,8350.0,116.1767,0.09,39.12
2020-10-06,1279.0,8710.0,116.2681,0.09,40.52
2020-10-07,1266.0,8370.0,116.3447,0.09,39.82
2020-10-08,1271.0,9100.0,116.1657,0.09,41.04
2020-10-09,1280.0,9450.0,115.2757,0.09,40.44
2020-10-12,1255.0,5500.0,115.2757,0.09,39.22
2020-10-13,1250.0,13820.0,115.9107,0.09,40.03
2020-10-14,1276.0,12600.0,115.6872,0.09,40.86
2020-10-15,1286.0,9040.0,116.0964,0.09,40.84
2020-10-16,1297.0,11110.0,115.7679,0.09,40.7
2020-10-19,1305.0,7330.0,115.4031,0.09,40.69
2020-10-20,1289.0,6890.0,115.2485,0.09,41.37
2020-10-21,1279.0,10110.0,114.9108,0.09,39.88
2020-10-22,1307.0,12280.0,115.1158,0.09,40.46
2020-10-23,1305.0,7230.0,115.0126,0.09,39.73
2020-10-26,1313.0,8390.0,115.2797,0.09,38.39
2020-10-27,1351.0,7780.0,115.0131,0.09,39.34
2020-10-28,1347.0,8520.0,115.8023,0.09,37.27
2020-10-29,1337.0,4740.0,116.3069,0.09,35.94
2020-10-30,1351.0,5280.0,116.1354,0.09,35.64
2020-11-02,1342.0,4830.0,116.2361,0.09,36.6
2020-11-03,1327.0,6110.0,115.4802,0.09,37.44
2020-11-04,1313.0,3770.0,115.1677,0.09,38.97
2020-11-05,1339.0,4000.0,114.4556,0.09,38.56
2020-11-06,1350.0,4860.0,113.9919,0.09,36.97
2020-11-09,1347.0,5980.0,114.0895,0.09,40.05
2020-11-10,1366.0,6490.0,114.0757,0.09,41.18
2020-11-11,1393.0,7800.0,114.0757,0.09,41.23
2020-11-12,1413.0,12000.0,114.2843,0.09,40.9
2020-11-13,1410.0,8109.999999999999,114.2397,0.09,39.93
2020-11-16,1440.0,9880.0,113.8312,0.09,41.14
2020-11-17,1416.0,7750.0,113.682,0.09,41.24
2020-11-18,1402.0,12850.0,113.46,0.09,41.64
2020-11-19,1391.0,6460.0,113.694,0.08,41.57
2020-11-20,1386.0,7850.0,113.489,0.08,41.99
2020-11-23,1378.0,5190.0,113.7548,0.08,42.91
2020-11-24,1353.0,6990.0,113.4316,0.08,44.71
2020-11-25,1376.0,3990.0,113.1823,0.08,45.58
2020-11-26,1411.0,4770.0,113.1823,0.08,45.58
2020-11-27,1413.0,6790.0,113.1823,0.08,45.58
2020-11-30,1405.0,3690.0,113.2256,0.09,45.2
2020-12-01,1388.0,4000.0,112.8063,0.09,44.54
2020-12-02,1364.0,13850.0,112.6115,0.09,45.23
2020-12-03,1371.0,8530.0,112.0236,0.09,45.65
2020-12-04,1355.0,7030.0,111.7778,0.09,46.23
2020-12-07,1350.0,9870.0,111.8385,0.09,45.72
2020-12-08,1345.0,5890.0,111.8639,0.09,45.64
2020-12-09,1334.0,7040.0,112.0305,0.09,45.48
2020-12-10,1351.0,12000.0,111.9788,0.09,46.76
2020-12-11,1357.0,5770.0,112.1417,0.09,46.59
2020-12-14,1376.0,7790.0,112.1708,0.09,47.02
2020-12-15,1372.0,6600.0,111.8601,0.09,47.58
2020-12-16,1378.0,7420.0,111.7157,0.09,47.86
2020-12-17,1387.0,9650.0,111.2226,0.09,48.34
2020-12-18,1380.0,7700.0,111.6071,0.09,49.04
2020-12-21,1383.0,7810.0,111.9415,0.09,47.79
2020-12-22,1379.0,7010.0,112.1947,0.09,47.02
2020-12-23,1378.0,6600.0,111.9807,0.09,47.94
2020-12-24,1383.0,1980.0,111.9807,0.09,48.18
2020-12-29,1383.0,4500.0,111.5172,0.09,47.85
2020-12-30,1376.0,2950.0,111.3084,0.09,48.24
2020-12-31,1386.0,3930.0,111.3169,0.09,48.35
2021-01-04,1372.0,8390.0,111.2075,0.09,47.47
2021-01-05,1365.0,7530.0,110.9574,0.09,49.78
2021-01-06,1356.0,5700.0,110.8502,0.09,50.45
2021-01-07,1336.0,9300.0,111.3042,0.09,50.63
2021-01-08,1318.0,11370.0,111.2847,0.09,52.14
2021-01-11,1315.0,11490.0,111.8257,0.09,52.15
2021-01-12,1302.0,6690.0,111.5501,0.09,53.08
2021-01-13,1332.0,7560.0,111.3622,0.09,52.81
2021-01-14,1332.0,6920.0,111.1567,0.09,53.47
2021-01-15,1353.0,11360.0,111.5106,0.09,52.25
2021-01-18,1343.0,2730.0,111.5106,0.09,52.25
2021-01-19,1348.0,5190.0,111.4527,0.09,52.87
2021-01-20,1340.0,4390.0,111.4527,0.09,53.16
2021-01-21,1323.0,5970.0,111.1973,0.08,53.0
2021-01-22,1310.0,7720.0,111.5516,0.08,52.28
2021-01-25,1309.0,7880.0,111.8676,0.08,52.78
2021-01-26,1325.0,4580.0,111.6572,0.08,52.61
2021-01-27,1326.0,3720.0,112.0782,0.08,52.81
2021-01-28,1313.0,3400.0,112.0059,0.07,52.26
2021-01-29,1319.0,9430.0,111.9511,0.07,52.16
2021-02-01,1336.0,10580.0,112.4189,0.08,53.55
2021-02-02,1318.0,6830.0,112.2862,0.08,54.77
2021-02-03,1343.0,10660.0,112.2567,0.08,55.67
2021-02-04,1359.0,9100.0,112.7469,0.08,56.19
2021-02-05,1359.0,6070.0,112.2379,0.08,56.8
2021-02-08,1356.0,5490.0,112.0428,0.07,57.95
2021-02-09,1365.0,11360.0,111.7675,0.08,58.34
2021-02-10,1374.0,7790.0,111.5834,0.08,58.69
2021-02-11,1362.0,5790.0,111.5272,0.08,58.22
2021-02-12,1367.0,9190.0,111.4889,0.08,59.5
2021-02-15,1356.0,5180.0,111.4889,0.08,59.5
2021-02-16,1363.0,6860.0,111.7879,0.08,60.07
2021-02-17,1372.0,10860.0,112.0204,0.08,61.09
2021-02-18,1380.0,15400.0,112.1603,0.07,60.4
2021-02-19,1369.0,6880.0,111.7058,0.07,59.12
2021-02-22,1416.0,20510.0,111.918,0.07,61.67
2021-02-23,1460.0,22900.0,111.8981,0.07,61.66
2021-02-24,1463.0,17670.0,111.7212,0.07,63.21
2021-02-25,1476.0,15170.0,111.9253,0.07,63.43
2021-02-26,1473.0,14760.0,112.8306,0.07,61.55
2021-03-01,1465.0,7950.0,112.5263,0.07,60.54
2021-03-02,1450.0,9450.0,112.5342,0.07,59.7
2021-03-03,1426.0,9110.0,112.7617,0.07,61.33
2021-03-04,1406.0,12830.0,112.7037,0.07,63.81
2021-03-05,1381.0,6980.0,113.7487,0.07,66.08
2021-03-08,1361.0,9750.0,114.2678,0.07,65.03
2021-03-09,1400.0,16059.999999999998,113.928,0.07,64.02
2021-03-10,1410.0,8100.0,113.5881,0.07,64.45
2021-03-11,1419.0,5590.0,112.9214,0.07,66.02
2021-03-12,1403.0,3730.0,113.0269,0.07,65.59
2021-03-15,1388.0,5450.0,113.1928,0.07,65.36
2021-03-16,1406.0,4610.0,112.9839,0.07,64.82
2021-03-17,1412.0,4670.0,113.1589,0.07,64.55
2021-03-18,1386.0,4180.0,112.7744,0.07,59.95
2021-03-19,1380.0,5940.0,112.9756,0.07,61.43
2021-03-22,1398.0,4790.0,113.0023,0.07,61.48
2021-03-23,1377.0,3890.0,113.2916,0.07,57.75
2021-03-24,1366.0,6030.0,113.6565,0.07,61.12
2021-03-25,1365.0,5620.0,114.0016,0.07,58.47
2021-03-26,1416.0,7220.0,113.7406,0.07,60.93
2021-03-29,1397.0,2900.0,113.9314,0.07,61.49
2021-03-30,1373.0,6140.0,114.203,0.07,60.55
2021-03-31,1366.0,9070.0,113.8234,0.06,59.19
2021-04-01,1350.0,6140.0,113.7389,0.07,61.41
2021-04-06,1357.0,11180.0,113.1464,0.07,59.34
2021-04-07,1349.0,6320.0,113.2436,0.07,59.77
2021-04-08,1369.0,6420.0,113.0917,0.07,59.61
2021-04-09,1363.0,7250.0,113.2028,0.07,59.29
2021-04-12,1365.0,8740.0,113.1815,0.07,59.7
2021-04-13,1369.0,7870.0,113.0391,0.07,60.2
2021-04-14,1391.0,9680.0,112.7849,0.07,63.15
2021-04-15,1389.0,6520.0,112.6181,0.07,63.42
2021-04-16,1380.0,7360.0,112.4814,0.07,63.16
2021-04-19,1385.0,6640.0,112.1835,0.07,63.33
2021-04-20,1398.0,14370.0,112.2354,0.07,62.61
2021-04-21,1410.0,8119.999999999999,112.1771,0.07,61.34
2021-04-22,1408.0,7700.0,112.2297,0.07,61.45
2021-04-23,1416.0,15620.0,112.0889,0.07,62.18
2021-04-26,1440.0,15890.0,111.8109,0.07,62.02
2021-04-27,1461.0,14500.0,111.9097,0.07,63.03
2021-04-28,1468.0,12000.0,111.7909,0.07,63.81
2021-04-29,1452.0,11630.0,111.7464,0.06,65.0
2021-04-30,1456.0,9620.0,112.0839,0.05,63.5
2021-05-04,1474.0,14460.0,112.2896,0.06,65.72
2021-05-05,1538.0,17270.0,112.1514,0.06,65.63
2021-05-06,1547.0,13860.0,111.8401,0.06,64.73
2021-05-07,1539.0,8080.0,111.0249,0.06,64.96
2021-05-10,1518.0,7820.0,110.7905,0.06,64.92
2021-05-11,1532.0,5300.0,110.8921,0.06,65.31
2021-05-12,1514.0,5620.0,111.5636,0.06,65.96
2021-05-13,1495.0,8930.0,111.5955,0.06,63.82
2021-05-14,1460.0,8870.0,111.1353,0.06,65.32
2021-05-17,1459.0,8850.0,111.079,0.06,66.24
2021-05-18,1515.0,8200.0,110.8317,0.06,65.49
2021-05-19,1502.0,4390.0,110.8807,0.06,63.28
2021-05-20,1490.0,5170.0,110.8605,0.06,61.95
2021-05-21,1478.0,3930.0,111.0576,0.06,63.61
2021-05-24,1478.0,4050.0,110.9118,0.06,66.13
2021-05-25,1512.0,2710.0,110.842,0.06,66.27
2021-05-26,1526.0,3540.0,110.8677,0.06,66.41
2021-05-27,1538.0,5340.0,110.8688,0.06,66.87
2021-05-28,1605.0,9020.0,110.7576,0.05,66.31
2021-06-01,1615.0,10280.0,110.5046,0.06,67.8
2021-06-02,1627.0,7500.0,110.5799,0.06,68.79
2021-06-03,1616.0,6130.0,111.1782,0.06,68.81
2021-06-04,1638.0,11870.0,110.7521,0.06,69.57
2021-06-07,1651.0,13110.0,110.5155,0.06,69.21
2021-06-08,1621.0,14400.0,110.649,0.06,70.11
2021-06-09,1608.0,12430.0,110.5707,0.06,69.9
2021-06-10,1611.0,6790.0,110.5456,0.06,70.34
2021-06-11,1619.0,7360.0,111.0933,0.06,71.0
2021-06-14,1596.0,8940.0,110.9659,0.06,70.94
2021-06-15,1600.0,6360.0,111.3507,0.06,72.06
2021-06-16,1629.0,10430.0,111.1165,0.06,72.03
2021-06-17,1598.0,10200.0,112.5772,0.1,71.06
2021-06-18,1616.0,13850.0,113.0408,0.1,71.64
2021-06-21,1617.0,10260.0,112.8391,0.1,73.64
2021-06-22,1597.0,10400.0,112.9174,0.1,73.15
2021-06-23,1623.0,11120.0,112.3819,0.1,73.11
2021-06-24,1650.0,11830.0,112.326,0.1,73.31
2021-06-25,1679.0,10800.0,111.9655,0.1,74.21
2021-06-28,1711.0,9120.0,112.0248,0.1,72.98
2021-06-29,1675.0,7660.0,112.2613,0.1,73.14
2021-06-30,1705.0,9870.0,112.5533,0.08,73.52
2021-07-01,1701.0,10600.0,112.74,0.1,75.33
2021-07-02,1707.0,10660.0,112.5425,0.1,75.37
2021-07-05,1687.0,4540.0,112.5425,0.1,75.37
2021-07-06,1679.0,7760.0,112.9516,0.1,73.62
2021-07-07,1702.0,6470.0,113.1048,0.1,72.22
2021-07-08,1707.0,6680.0,113.0776,0.1,72.98
2021-07-09,1744.0,7610.0,112.8375,0.1,74.56
2021-07-12,1744.0,7180.0,112.7611,0.1,74.21
2021-07-13,1717.0,8330.0,113.0063,0.1,75.24
2021-07-14,1762.0,7100.0,112.8801,0.1,73.06
2021-07-15,1756.0,7220.0,113.0041,0.1,71.67
2021-07-16,1767.0,5170.0,113.0428,0.1,71.76
2021-07-19,1732.0,7870.0,113.5472,0.1,66.45
2021-07-20,1761.0,9180.0,113.7502,0.1,67.32
2021-07-21,1779.0,7090.0,113.3926,0.1,70.26
2021-07-22,1889.0,13140.0,113.4695,0.1,72.15
2021-07-23,1899.0,14270.0,113.4398,0.1,72.24
2021-07-26,1964.0,10250.0,113.2238,0.1,72.15
2021-07-27,1940.0,6860.0,113.2227,0.1,71.68
2021-07-28,1943.0,3910.0,113.1807,0.1,72.37
2021-07-29,1900.0,5860.0,112.4834,0.1,73.62
2021-07-30,1801.0,10790.0,112.6714,0.07,73.93
2021-08-02,1766.0,8600.0,112.6691,0.1,71.31
2021-08-03,1787.0,5900.0,112.8228,0.1,70.64
2021-08-04,1787.0,6670.0,112.8953,0.1,68.19
2021-08-05,1782.0,5430.0,112.7674,0.1,69.1
2021-08-06,1754.0,10770.0,113.3088,0.1,68.26
2021-08-09,1797.0,8160.0,113.4521,0.1,66.56
2021-08-10,1863.0,10970.0,113.4973,0.1,68.33
2021-08-11,1864.0,8150.0,113.282,0.1,69.3
2021-08-12,1854.0,6820.0,113.2691,0.1,69.12
2021-08-13,1836.0,8410.0,113.0615,0.1,68.36
2021-08-16,1853.0,5440.0,113.1698,0.1,67.44
2021-08-17,1845.0,6660.0,113.6174,0.1,66.5
2021-08-18,1877.0,13070.0,113.6959,0.09,65.36
2021-08-19,1863.0,10950.0,114.1106,0.09,63.69
2021-08-20,1882.0,8810.0,114.5009,0.09,62.25
2021-08-23,1912.0,9150.0,113.9418,0.09,65.65
2021-08-24,1971.0,14550.0,113.6795,0.09,67.5
2021-08-25,1973.0,7200.0,113.6322,0.09,68.54
2021-08-26,1994.0,6790.0,113.7883,0.09,67.42
2021-08-27,2018.0,9420.0,113.3404,0.08,68.84
2021-08-31,2026.0,6610.0,113.1076,0.06,68.43
2021-09-01,2066.0,8520.0,112.8732,0.08,68.63
2021-09-02,2056.0,5140.0,112.7863,0.08,70.07
2021-09-03,2059.0,5160.0,112.5476,0.08,69.34
2021-09-06,2082.0,3120.0,112.5476,0.08,69.34
2021-09-07,2102.0,4490.0,112.9795,0.08,68.49
2021-09-08,2078.0,6520.0,113.2319,0.08,69.36
2021-09-09,2050.0,7500.0,113.043,0.08,68.26
2021-09-10,2048.0,4590.0,112.9425,0.08,69.82
2021-09-13,2057.0,5060.0,113.0341,0.08,70.54
2021-09-14,2063.0,4080.0,113.0061,0.08,70.53
2021-09-15,2082.0,3820.0,112.9773,0.08,72.59
2021-09-16,2107.0,4690.0,113.3036,0.08,72.69
2021-09-17,2151.0,5630.0,113.5989,0.08,72.09
2021-09-20,2152.0,5250.0,113.9422,0.08,70.41
2021-09-21,2160.0,3650.0,113.8179,0.08,70.51
2021-09-22,2142.0,4410.0,113.6223,0.08,72.37
2021-09-23,2146.0,4120.0,113.513,0.08,73.43
2021-09-24,2148.0,3660.0,113.7597,0.08,74.18
2021-09-27,2115.0,3080.0,113.7432,0.08,75.54
2021-09-28,2145.0,3390.0,114.2469,0.08,75.44
2021-09-29,2110.0,5210.0,114.7092,0.08,75.06
2021-09-30,2119.0,3750.0,114.6403,0.06,75.22
2021-10-01,2161.0,4750.0,114.3798,0.08,76.01
2021-10-04,2140.0,4100.0,114.2739,0.08,77.68
2021-10-05,2109.0,6180.0,114.3654,0.08,79.17
2021-10-06,2116.0,3280.0,114.7185,0.08,77.66
2021-10-07,2116.0,8940.0,114.5044,0.08,78.46
2021-10-08,2116.0,4660.0,114.5986,0.08,79.55
2021-10-11,2104.0,9550.0,114.5986,0.08,80.64
2021-10-12,2151.0,10120.0,114.7542,0.08,80.75
2021-10-13,2143.0,9020.0,114.4705,0.08,80.67
2021-10-14,2145.0,8280.0,114.2053,0.08,81.43
2021-10-15,2121.0,7360.0,114.0905,0.08,82.39
2021-10-18,2115.0,7860.0,113.9899,0.08,82.62
2021-10-19,2120.0,5270.0,113.647,0.08,83.19
2021-10-20,2131.0,7720.0,113.5083,0.08,84.4
2021-10-21,2135.0,10910.0,113.6188,0.08,82.64
2021-10-22,2141.0,9140.0,113.67,0.08,84.53
2021-10-25,2195.0,12720.0,113.605,0.08,84.64
2021-10-26,2270.0,9860.0,113.674,0.08,85.64
2021-10-27,2197.0,7450.0,113.6218,0.08,82.66
2021-10-28,2177.0,5940.0,113.4389,0.08,82.78
2021-10-29,2214.0,3810.0,114.1349,0.07,83.5
2021-11-01,2269.0,5940.0,114.2067,0.08,84.08
2021-11-02,2234.0,4670.0,114.2847,0.08,83.91
2021-11-03,2232.0,3610.0,114.3593,0.08,80.82
2021-11-04,2204.0,4550.0,114.3558,0.08,78.88
2021-11-05,2181.0,5730.0,114.0732,0.08,81.25
2021-11-08,2166.0,4650.0,113.8256,0.08,81.96
2021-11-09,2226.0,6240.0,113.762,0.08,84.12
2021-11-10,2215.0,4860.0,114.1484,0.08,81.23
2021-11-11,2292.0,7070.0,114.1484,0.08,81.47
2021-11-12,2277.0,6440.0,114.5144,0.08,80.87
2021-11-15,2264.0,4680.0,114.5876,0.08,80.85
2021-11-16,2237.0,5760.0,115.136,0.08,80.76
2021-11-17,2256.0,6390.0,115.0263,0.08,78.32
2021-11-18,2212.0,7620.0,115.0678,0.08,78.92
2021-11-19,2245.0,6050.0,115.2187,0.08,76.11
2021-11-22,2251.0,3980.0,115.6481,0.08,76.74
2021-11-23,2297.0,6990.0,116.0118,0.08,78.32
2021-11-24,2281.0,4480.0,116.2711,0.08,78.32
2021-11-25,2228.0,1070.0,116.2711,0.08,78.32
2021-11-26,2237.0,3340.0,116.5103,0.08,78.32
2021-11-29,2197.0,6010.0,116.581,0.08,69.88
2021-11-30,2200.0,5470.0,116.2071,0.07,66.14
2021-12-01,2253.0,6610.0,115.889,0.08,65.44
2021-12-02,2265.0,5630.0,116.018,0.08,66.6
2021-12-03,2298.0,9840.0,116.2377,0.08,66.39
2021-12-06,2315.0,9350.0,116.1538,0.08,69.62
2021-12-07,2273.0,9270.0,115.8555,0.08,71.94
2021-12-08,2295.0,5620.0,115.4418,0.08,72.43
2021-12-09,2306.0,9390.0,115.7784,0.08,70.87
2021-12-10,2291.0,6800.0,115.5732,0.08,71.71
2021-12-13,2287.0,5100.0,115.842,0.08,71.19
2021-12-14,2297.0,4910.0,116.2397,0.08,70.57
2021-12-15,2303.0,8330.0,116.4219,0.08,70.89
2021-12-16,2299.0,5960.0,115.7146,0.08,72.34
2021-12-17,2333.0,11840.0,115.791,0.08,70.93
2021-12-20,2308.0,10300.0,116.0092,0.08,68.69
2021-12-21,2317.0,7200.0,116.1089,0.08,71.1
2021-12-22,2339.0,6640.0,115.7485,0.08,72.82
2021-12-23,2353.0,9470.0,115.5337,0.08,73.89
2021-12-28,2343.0,5740.0,115.4192,0.08,76.01
2021-12-29,2364.0,4420.0,115.3678,0.08,76.58
2021-12-30,2373.0,4830.0,115.283,0.08,76.83
2021-12-31,2370.0,2029.9999999999998,115.283,0.07,75.33
2022-01-04,2349.0,7710.0,115.3103,0.08,77.0
2022-01-05,2321.0,5540.0,115.137,0.08,77.83
2022-01-06,2307.0,4440.0,115.4046,0.08,79.47
2022-01-07,2316.0,6470.0,115.0451,0.08,79.0
2022-01-10,2260.0,9560.0,115.2216,0.08,78.11
2022-01-11,2268.0,6270.0,114.8332,0.08,81.17
2022-01-12,2282.0,6810.0,114.355,0.08,82.51
2022-01-13,2237.0,9270.0,114.177,0.08,81.97
2022-01-14,2228.0,6800.0,114.3825,0.08,83.82
2022-01-17,2218.0,2630.0,114.3825,0.08,83.82
2022-01-18,2195.0,6380.0,114.7373,0.08,85.42
2022-01-19,2225.0,7150.0,114.6109,0.08,86.84
2022-01-20,2227.0,5900.0,114.4642,0.08,86.29
2022-01-21,2213.0,5520.0,114.6125,0.08,85.16
2022-01-24,2197.0,6610.0,115.2034,0.08,84.48
2022-01-25,2237.0,7590.0,115.1654,0.08,86.61
2022-01-26,2191.0,8990.0,115.0922,0.08,88.33
2022-01-27,2174.0,6630.0,115.978,0.08,87.61
2022-01-28,2184.0,7650.0,116.0393,0.08,87.67
2022-01-31,2172.0,5730.0,115.566,0.08,89.16
2022-02-01,2176.0,5610.0,115.3685,0.08,88.22
2022-02-02,2198.0,7640.0,115.1538,0.08,88.16
2022-02-03,2220.0,9720.0,114.9065,0.08,90.17
2022-02-04,2213.0,4300.0,115.1362,0.08,92.27
2022-02-07,2218.0,3770.0,115.0098,0.08,91.25
2022-02-08,2234.0,8210.0,115.0892,0.08,89.32
2022-02-09,2259.0,14410.0,114.8232,0.08,89.57
2022-02-10,2263.0,10610.0,114.5527,0.08,89.83
2022-02-11,2270.0,9420.0,114.8413,0.08,93.1
2022-02-14,2243.0,7500.0,115.1946,0.08,95.52
2022-02-15,2265.0,8410.0,114.93,0.08,92.07
2022-02-16,2274.0,6870.0,114.6886,0.08,93.83
2022-02-17,2274.0,6370.0,114.6755,0.08,91.78
2022-02-18,2255.0,7640.0,114.7982,0.08,91.26
2022-02-21,2234.0,5950.0,114.7982,0.08,91.26
2022-02-22,2260.0,9870.0,114.7002,0.08,92.11
2022-02-23,2234.0,5200.0,114.6668,0.08,92.14
2022-02-24,2179.0,11050.0,115.9419,0.08,92.77
2022-02-25,2178.0,7940.0,115.2577,0.08,91.68
2022-02-28,2090.0,14730.0,115.2224,0.08,96.13
2022-03-01,2084.0,12900.0,115.7962,0.08,103.66
2022-03-02,2030.0,10030.0,115.7623,0.08,110.74
2022-03-03,2013.0,6940.0,115.9495,0.08,107.69
2022-03-04,2038.0,7000.0,116.6503,0.08,115.77
2022-03-07,2035.0,5250.0,117.3278,0.08,119.26
2022-03-08,2094.0,7270.0,117.6176,0.08,123.64
2022-03-09,2117.0,8920.0,116.5961,0.08,108.81
2022-03-10,2093.0,5310.0,116.7401,0.08,105.93
2022-03-11,2095.0,3970.0,117.0192,0.08,109.31
2022-03-14,2115.0,5270.0,117.1506,0.08,103.22
2022-03-15,2081.0,5410.0,117.246,0.08,96.42
2022-03-16,2148.0,8180.0,116.8073,0.08,94.85
2022-03-17,2139.0,4670.0,116.0467,0.33,102.97
2022-03-18,2167.0,4230.0,116.1378,0.33,104.69
2022-03-21,2175.0,5440.0,115.9398,0.33,112.14
2022-03-22,2170.0,4830.0,116.0824,0.33,111.03
2022-03-23,2139.0,7010.0,116.005,0.33,114.89
2022-03-24,2136.0,3660.0,115.9599,0.33,114.2
2022-03-25,2148.0,2960.0,115.7921,0.33,116.2
2022-03-28,2124.0,3770.0,116.1911,0.33,107.55
2022-03-29,2115.0,5680.0,115.5679,0.33,104.25
2022-03-30,2140.0,3380.0,115.0818,0.33,107.81
2022-03-31,2152.0,5260.0,115.2218,0.33,100.53
2022-04-01,2130.0,9400.0,115.4814,0.33,99.32
2022-04-04,2122.0,7750.0,115.4112,0.33,103.29
2022-04-05,2110.0,6600.0,115.73,0.33,101.98
2022-04-06,2090.0,7150.0,115.9995,0.33,96.39
2022-04-07,2066.0,11010.0,116.3512,0.33,96.05
2022-04-08,2096.0,8450.0,116.4176,0.33,98.35
2022-04-11,2117.0,7420.0,116.5401,0.33,94.22
2022-04-12,2111.0,10350.0,116.3866,0.33,100.52
2022-04-13,2105.0,6480.0,116.2796,0.33,104.26
2022-04-14,2099.0,7630.0,116.7558,0.33,106.84
2022-04-19,2088.0,8720.0,117.1324,0.33,102.54
2022-04-20,2092.0,8580.0,116.7306,0.33,102.56
2022-04-21,2114.0,9450.0,117.1432,0.33,103.89
2022-04-22,2116.0,8550.0,118.0186,0.33,102.86
2022-04-25,2066.0,12530.0,118.6271,0.33,99.6
2022-04-26,2054.0,4050.0,118.9624,0.33,102.62
2022-04-27,2032.0,7980.0,119.4708,0.33,101.96
2022-04-28,2089.0,6720.0,120.0675,0.33,105.47
2022-04-29,2107.0,6270.0,119.4933,0.33,104.59
2022-05-03,2115.0,7770.0,119.7043,0.33,102.53
2022-05-04,2137.0,8050.000000000001,119.5592,0.33,107.84
2022-05-05,2136.0,8900.0,120.0068,0.83,108.17
2022-05-06,2083.0,6280.0,119.8577,0.83,109.72
2022-05-09,2020.0,8230.0,120.4972,0.83,103.08
2022-05-10,2009.0,8940.0,120.7742,0.83,99.74
2022-05-11,2078.0,7380.0,120.3925,0.83,105.5
2022-05-12,2058.0,4380.0,121.2796,0.83,106.15
2022-05-13,2040.0,5490.0,120.8442,0.83,110.52
2022-05-16,2087.0,5930.0,120.6881,0.83,114.07
2022-05-17,2104.0,7050.0,119.8871,0.83,112.31
2022-05-18,2063.0,5800.0,120.0274,0.83,109.67
2022-05-19,2080.0,4520.0,119.4278,0.83,112.21
2022-05-20,2056.0,7140.0,119.3677,0.83,112.63
2022-05-23,2041.0,4120.0,118.7169,0.83,110.32
2022-05-24,2043.0,4890.0,118.6245,0.83,112.55
2022-05-25,2088.0,6630.0,118.9598,0.83,112.88
2022-05-26,2109.0,5060.0,118.7687,0.83,116.19
2022-05-27,2096.0,3740.0,118.2834,0.83,114.96
2022-05-30,2106.0,2250.0,118.2834,0.83,114.96
2022-05-31,2110.0,5900.0,118.0704,0.83,114.38
2022-06-01,2139.0,7420.0,118.6954,0.83,115.26
2022-06-06,2140.0,11450.0,118.3081,0.83,118.41
2022-06-07,2121.0,10000.0,118.4414,0.83,119.55
2022-06-08,2117.0,6940.0,118.3951,0.83,121.94
2022-06-09,2108.0,9980.0,118.9226,0.83,121.52
2022-06-10,2095.0,6890.0,119.9981,0.83,120.73
2022-06-13,2055.0,13220.0,121.1523,0.83,120.92
2022-06-14,2053.0,10510.0,121.6669,0.83,118.92
2022-06-15,2055.0,7980.0,121.6403,0.83,115.32
2022-06-16,2104.0,8770.0,120.6714,1.58,117.56
2022-06-17,2079.0,9870.0,121.2369,1.58,109.56
2022-06-20,2077.0,3680.0,121.2369,1.58,109.56
2022-06-21,2101.0,9560.0,120.6427,1.58,110.49
2022-06-22,2113.0,10910.0,120.5197,1.58,106.22
2022-06-23,2086.0,9340.0,120.7622,1.58,105.75
2022-06-24,2044.0,10970.0,120.4853,1.58,109.07
2022-06-27,2040.0,5680.0,120.1736,1.58,111.44
2022-06-28,2017.0,7800.0,120.62,1.58,113.66
2022-06-29,2049.0,12060.0,120.9616,1.58,111.65
2022-06-30,2033.0,5160.0,120.9652,1.58,107.76
2022-07-01,2006.0,8920.0,121.5058,1.58,110.3
2022-07-04,1999.0,4320.0,121.5058,1.58,110.3
2022-07-05,1961.0,15220.0,122.6203,1.58,101.55
2022-07-06,1955.0,6620.0,123.0073,1.58,100.31
2022-07-07,1944.0,8210.0,122.7257,1.58,104.62
2022-07-08,1981.0,7080.0,122.4662,1.58,106.78
2022-07-11,1966.0,5150.0,123.2974,1.58,106.09
2022-07-12,1954.0,6960.0,123.4524,1.58,97.69
2022-07-13,1981.0,5460.0,123.2834,1.58,98.44
2022-07-14,1930.0,9760.0,124.0622,1.58,97.79
2022-07-15,1923.0,6670.0,123.4765,1.58,99.59
2022-07-18,1992.0,9740.0,122.7727,1.58,104.48
2022-07-19,1998.0,5890.0,122.4819,1.58,106.12
2022-07-20,1998.0,4610.0,122.5997,1.58,104.45
2022-07-21,1987.0,3860.0,122.9032,1.58,98.44
2022-07-22,1962.0,5150.0,122.451,1.58,97.71
2022-07-25,1973.0,3950.0,122.4594,1.58,99.83
2022-07-26,1974.0,2950.0,122.7581,1.58,97.74
2022-07-27,2007.0,3340.0,122.8169,1.58,100.03
2022-07-28,2014.0,5880.0,122.1161,2.33,99.11
2022-07-29,2028.0,4900.0,121.7678,2.32,101.31
2022-08-01,2028.0,4710.0,121.4109,2.33,96.59
2022-08-02,2020.0,6240.0,121.9486,2.33,97.14
2022-08-03,2023.0,7100.0,122.3888,2.33,93.25
2022-08-04,2041.0,5700.0,121.8333,2.33,91.29
2022-08-05,2042.0,6670.0,122.321,2.33,91.77
2022-08-08,2074.0,8910.0,121.8783,2.33,93.52
2022-08-09,2100.0,8270.0,121.8614,2.33,93.18
2022-08-10,2149.0,10010.0,120.7543,2.33,94.68
2022-08-11,2223.0,15560.0,120.7163,2.33,97.02
2022-08-12,2261.0,11210.0,121.018,2.33,94.86
2022-08-15,2265.0,11010.0,121.4315,2.33,92.24
2022-08-16,2228.0,10000.0,121.6807,2.33,89.23
2022-08-17,2224.0,12040.0,122.0711,2.33,90.85
2022-08-18,2218.0,7670.0,122.3627,2.33,93.2
2022-08-19,2226.0,6730.0,123.0501,2.33,93.55
2022-08-22,2243.0,8750.0,123.605,2.33,93.42
2022-08-23,2258.0,7440.0,123.0547,2.33,96.46
2022-08-24,2348.0,16860.0,123.109,2.33,95.52
2022-08-25,2312.0,8180.0,123.0586,2.33,93.33
2022-08-26,2279.0,6590.0,123.0656,2.33,93.63
2022-08-30,2261.0,7210.0,123.6848,2.33,92.08
2022-08-31,2250.0,5570.0,123.535,2.33,90.09
2022-09-01,2228.0,4720.0,124.4006,2.33,87.09
2022-09-02,2223.0,3450.0,123.7743,2.33,87.29
2022-09-05,2217.0,2830.0,123.7743,2.33,87.29
2022-09-06,2262.0,8480.0,124.767,2.33,87.35
2022-09-07,2238.0,6930.0,124.8408,2.33,82.5
2022-09-08,2276.0,7440.0,124.578,2.33,84.04
2022-09-09,2264.0,5940.0,123.7874,2.33,87.27
2022-09-12,2263.0,5120.0,123.3332,2.33,88.18
2022-09-13,2239.0,6230.0,124.4242,2.33,87.84
2022-09-14,2230.0,4960.0,124.4509,2.33,88.88
2022-09-15,2226.0,5910.0,124.8843,2.33,85.72
2022-09-16,2202.0,10160.0,124.8794,2.33,85.57
2022-09-20,2236.0,6400.0,125.1248,2.33,84.69
2022-09-21,2226.0,4900.0,125.7399,2.33,83.38
2022-09-22,2238.0,5200.0,126.1667,3.08,84.02
2022-09-23,2232.0,4740.0,127.2853,3.08,79.07
2022-09-26,2204.0,8600.0,128.4539,3.08,77.17
2022-09-27,2178.0,3970.0,128.4386,3.08,78.91
2022-09-28,2198.0,3930.0,128.0884,3.08,82.61
2022-09-29,2175.0,3860.0,127.5437,3.08,81.78
2022-09-30,2146.0,4330.0,127.5148,3.08,79.91
2022-10-03,2163.0,4950.0,127.0813,3.08,84.05
2022-10-04,2163.0,4050.0,126.1819,3.08,86.87
2022-10-05,2167.0,6260.0,126.8616,3.08,88.22
2022-10-06,2139.0,10160.0,127.2493,3.08,88.9
2022-10-07,2154.0,7650.0,127.3111,3.08,93.07
2022-10-10,2154.0,5360.0,127.3111,3.08,91.6
2022-10-11,2160.0,6220.0,127.6641,3.08,89.75
2022-10-12,2141.0,5620.0,128.1481,3.08,87.83
2022-10-13,2097.0,10850.0,127.7286,3.08,89.59
2022-10-14,2051.0,13550.0,128.3325,3.08,86.1
2022-10-17,2045.0,11670.0,127.6448,3.08,86.0
2022-10-18,2034.0,9920.0,127.9153,3.08,83.29
2022-10-19,2000.0,17020.0,128.3968,3.08,86.0
2022-10-20,2041.0,17910.0,128.0052,3.08,86.02
2022-10-21,1996.0,13910.0,127.6735,3.08,85.47
2022-10-24,1953.0,11090.0,128.0304,3.08,86.12
2022-10-25,1948.0,13760.0,127.3771,3.08,86.93
2022-10-26,1875.0,12680.0,126.4723,3.08,89.39
2022-10-27,1878.0,10480.0,126.7028,3.08,89.06
2022-10-28,1849.0,11460.0,127.2135,3.08,87.85
2022-10-31,1853.0,11000.0,127.6219,3.08,86.54
2022-11-01,1839.0,7300.0,127.3987,3.08,88.36
2022-11-02,1882.0,12820.0,127.3115,3.08,90.06
2022-11-03,1842.0,13150.0,128.1743,3.83,88.14
2022-11-04,1869.0,8660.0,127.1468,3.83,92.58
2022-11-07,1851.0,5970.0,126.3062,3.83,91.8
2022-11-08,1831.0,5760.0,125.633,3.83,88.8
2022-11-09,1819.0,11300.0,125.9861,3.83,85.79
2022-11-10,1827.0,10790.0,124.7044,3.83,86.52
2022-11-11,1836.0,6020.0,124.7044,3.83,89.14
2022-11-14,1824.0,5840.0,123.4277,3.83,85.85
2022-11-15,1802.0,6950.0,123.039,3.83,86.87
2022-11-16,1792.0,5450.0,123.2817,3.83,85.62
2022-11-17,1818.0,10170.0,123.977,3.83,81.69
2022-11-18,1811.0,6770.0,123.8524,3.83,80.07
2022-11-21,1812.0,4530.0,124.7009,3.83,79.74
2022-11-22,1834.0,7300.0,124.2365,3.83,80.83
2022-11-23,1814.0,9480.0,123.7574,3.83,77.93
2022-11-24,1842.0,3810.0,123.7574,3.83,77.93
2022-11-25,1821.0,4530.0,123.3386,3.83,76.45
2022-11-28,1826.0,4330.0,123.6032,3.83,77.1
2022-11-29,1833.0,7300.0,123.6615,3.83,77.96
2022-11-30,1849.0,7570.0,123.5175,3.83,80.48
2022-12-01,1855.0,12710.0,122.0045,3.83,81.06
2022-12-02,1846.0,6390.0,122.0102,3.83,79.86
2022-12-05,1856.0,5390.0,122.6384,3.83,76.83
2022-12-06,1877.0,11230.0,123.0191,3.83,74.21
2022-12-07,1868.0,9050.0,122.7608,3.83,71.93
2022-12-08,1876.0,7190.0,122.4152,3.83,71.3
2022-12-09,1864.0,9830.0,122.4201,3.83,71.05
2022-12-12,1884.0,9950.0,122.7714,3.83,72.96
2022-12-13,1872.0,10720.0,121.8493,3.83,75.44
2022-12-14,1877.0,7500.0,121.8226,3.83,77.14
2022-12-15,1878.0,11360.0,122.5519,4.33,75.89
2022-12-16,1866.0,7300.0,122.6505,4.33,74.19
2022-12-19,1858.0,9320.0,122.5275,4.33,75.05
2022-12-20,1868.0,8740.0,122.1357,4.33,75.92
2022-12-21,1879.0,11120.0,122.2828,4.33,78.17
2022-12-22,1878.0,11120.0,122.2419,4.33,77.68
2022-12-23,1875.0,2360.0,121.9743,4.33,79.57
2022-12-28,1869.0,7330.0,122.0075,4.33,78.89
2022-12-29,1824.0,9910.0,121.6577,4.33,78.43
2022-12-30,1799.0,9410.0,121.4256,4.33,80.16
2023-01-03,1852.0,10800.0,122.0905,4.33,76.87
2023-01-04,1873.0,11740.0,121.5008,4.33,72.82
2023-01-05,1832.0,5390.0,122.1017,4.33,73.61
2023-01-06,1825.0,6150.0,121.0852,4.33,73.77
2023-01-09,1860.0,6930.0,120.1508,4.33,74.69
2023-01-10,1840.0,5170.0,120.2483,4.33,75.11
2023-01-11,1811.0,12280.0,120.1614,4.33,77.46
2023-01-12,1881.0,12780.0,119.4218,4.33,78.32
2023-01-13,1916.0,16620.0,119.1673,4.33,79.9
2023-01-16,1907.0,5920.0,119.1673,4.33,79.9
2023-01-17,1895.0,7820.0,119.2121,4.33,80.25
2023-01-18,1902.0,7510.0,119.0755,4.33,79.53
2023-01-19,1918.0,9900.0,119.6107,4.33,80.31
2023-01-20,1944.0,8510.0,119.3486,4.33,81.27
2023-01-23,1941.0,8090.0,119.1434,4.33,81.62
2023-01-24,1943.0,8530.0,119.0958,4.33,79.86
2023-01-25,1970.0,9700.0,118.9686,4.33,79.78
2023-01-26,1962.0,4300.0,119.021,4.33,80.64
2023-01-27,2016.0,9320.0,118.9223,4.33,79.73
2023-01-30,2010.0,11070.0,118.8953,4.33,77.97
2023-01-31,2078.0,8600.0,118.9802,4.33,78.95
2023-02-01,2042.0,16460.0,118.6259,4.33,76.34
2023-02-02,2044.0,10940.0,118.3421,4.58,75.87
2023-02-03,2030.0,8360.0,119.5095,4.58,73.4
2023-02-06,2040.0,8390.0,120.541,4.58,74.11
2023-02-07,2075.0,8660.0,120.3475,4.58,77.17
2023-02-08,2057.0,8670.0,120.1436,4.58,78.47
2023-02-09,2032.0,8690.0,119.9781,4.57,78.04
2023-02-10,2039.0,6330.0,120.1419,4.58,79.74
2023-02-13,2044.0,6270.0,119.9828,4.58,80.14
2023-02-14,2070.0,7370.0,119.9229,4.58,79.08
2023-02-15,2049.0,8620.0,120.4557,4.58,78.57
2023-02-16,2072.0,6180.0,120.4651,4.58,78.45
2023-02-17,2098.0,11510.0,120.5526,4.58,76.31
2023-02-20,2117.0,9400.0,120.5526,4.58,76.31
2023-02-21,2133.0,11170.0,120.6256,4.58,76.28
2023-02-22,2205.0,19380.0,120.8389,4.58,73.95
2023-02-23,2161.0,9760.0,121.0896,4.58,75.26
2023-02-24,2151.0,7420.0,121.5681,4.58,76.19
2023-02-27,2133.0,8240.0,121.3941,4.57,75.57
2023-02-28,2140.0,6200.0,121.3341,4.57,76.88
2023-03-01,2177.0,11960.0,120.6347,4.58,77.57
2023-03-02,2180.0,6730.0,121.1302,4.57,78.05
2023-03-03,2162.0,6600.0,120.7742,4.57,79.62
2023-03-06,2153.0,7550.0,120.485,4.57,80.39
2023-03-07,2152.0,8810.0,121.4623,4.57,77.45
2023-03-08,2159.0,5990.0,121.4511,4.57,76.56
2023-03-09,2168.0,6720.0,121.4458,4.57,75.6
2023-03-10,2140.0,6550.0,121.2421,4.57,76.55
2023-03-13,2113.0,9000.0,120.8897,4.58,74.68
2023-03-14,2080.0,8390.0,121.0141,4.58,71.18
2023-03-15,2069.0,11420.0,122.1079,4.58,67.38
2023-03-16,2104.0,9660.0,121.7221,4.58,68.15
2023-03-17,2064.0,8070.0,121.5643,4.58,66.61
2023-03-20,2087.0,12850.0,121.0141,4.58,67.56
2023-03-21,2130.0,10100.0,120.8958,4.58,69.4
2023-03-22,2112.0,5750.0,120.6217,4.58,70.71
2023-03-23,2124.0,6150.0,119.7587,4.83,69.77
2023-03-24,2189.0,9990.0,120.4598,4.83,69.22
2023-03-27,2214.0,14900.0,120.2541,4.83,72.87
2023-03-28,2142.0,7280.0,119.7138,4.83,73.12
2023-03-29,2133.0,4940.0,119.7258,4.83,72.95
2023-03-30,2171.0,6130.0,119.4078,4.83,74.32
2023-03-31,2173.0,9480.0,119.3602,4.83,75.68
2023-04-03,2195.0,6360.0,119.3204,4.83,80.4
2023-04-04,2219.0,7190.0,119.142,4.83,80.7
2023-04-05,2274.0,10070.0,119.2953,4.83,80.69
2023-04-06,2256.0,10320.0,119.3072,4.83,80.7
2023-04-11,2323.0,18740.0,119.5248,4.83,81.54
2023-04-12,2332.0,8990.0,119.003,4.83,83.26
2023-04-13,2382.0,14280.0,118.3915,4.83,82.16
2023-04-14,2344.0,9220.0,118.8567,4.83,82.58
2023-04-17,2370.0,9670.0,119.2787,4.83,80.93
2023-04-18,2379.0,14170.0,119.1049,4.83,80.85
2023-04-19,2386.0,13150.0,119.303,4.83,79.18
2023-04-20,2374.0,8220.0,119.1199,4.83,77.27
2023-04-21,2382.0,6920.0,119.3117,4.83,77.86
2023-04-24,2444.0,14440.0,119.2039,4.83,78.64
2023-04-25,2419.0,8630.0,119.613,4.83,77.05
2023-04-26,2413.0,9330.0,119.3228,4.83,74.33
2023-04-27,2405.0,7420.0,119.4298,4.83,74.77
2023-04-28,2409.0,6620.0,119.2248,4.83,76.78
2023-05-02,2424.0,8500.0,119.6105,4.83,71.71
2023-05-03,2424.0,6200.0,119.1233,4.83,68.62
2023-05-04,2412.0,4600.0,119.0465,5.08,68.52
2023-05-05,2471.0,6910.0,118.5548,5.08,71.32
2023-05-09,2465.0,6640.0,118.8239,5.08,73.68
2023-05-10,2481.0,4200.0,118.5864,5.08,72.53
2023-05-11,2393.0,10990.0,119.0303,5.08,70.81
2023-05-12,2432.0,11790.0,119.3671,5.08,70.02
2023-05-15,2488.0,6680.0,119.1608,5.08,71.07
2023-05-16,2511.0,7730.0,119.1743,5.08,70.85
2023-05-17,2582.0,11050.0,119.607,5.08,72.78
2023-05-18,2540.0,8900.0,120.0886,5.08,71.82
2023-05-19,2588.0,8270.0,119.7751,5.08,71.57
2023-05-22,2629.0,8210.0,120.0875,5.08,71.81
2023-05-23,2557.0,9880.0,120.3204,5.08,72.87
2023-05-24,2573.0,5280.0,120.4752,5.08,74.37
2023-05-25,2508.0,4110.0,120.8413,5.08,71.68
2023-05-26,2528.0,4780.0,120.6304,5.08,72.35
2023-05-30,2520.0,6150.0,120.5546,5.08,69.45
2023-05-31,2520.0,9160.0,120.9662,5.08,68.11
2023-06-01,2567.0,8430.0,120.0491,5.08,70.09
2023-06-02,2542.0,9090.0,120.0049,5.08,71.76
2023-06-05,2574.0,8050.000000000001,120.0048,5.08,72.14
2023-06-06,2583.0,13980.0,119.9718,5.08,71.71
2023-06-07,2636.0,13780.0,119.859,5.08,72.52
2023-06-08,2726.0,15510.0,119.5712,5.08,71.28
2023-06-09,2702.0,15830.0,119.4322,5.08,70.16
2023-06-12,2681.0,11990.0,119.6376,5.08,67.08
2023-06-13,2689.0,8920.0,119.1899,5.08,69.39
2023-06-14,2694.0,7410.0,118.776,5.08,68.22
2023-06-15,2757.0,14190.0,118.5521,5.07,70.61
2023-06-16,2747.0,8580.0,118.4184,5.08,71.81
2023-06-19,2783.0,4000.0,118.4184,5.08,71.81
2023-06-20,2770.0,13700.0,118.938,5.07,70.94
2023-06-21,2726.0,16450.0,118.727,5.07,72.55
2023-06-22,2749.0,13300.0,118.7552,5.07,69.22
2023-06-23,2676.0,13670.0,119.152,5.07,68.91
2023-06-26,2710.0,17380.0,119.0761,5.07,69.09
2023-06-27,2715.0,10130.0,118.8949,5.07,67.68
2023-06-28,2616.0,13610.0,119.3382,5.07,69.54
2023-06-29,2570.0,15010.0,119.527,5.07,69.85
2023-06-30,2491.0,13930.0,119.3606,5.08,70.66
2023-07-03,2538.0,10960.0,119.2119,5.08,69.71
2023-07-04,2527.0,2640.0,119.2119,5.08,69.71
2023-07-05,2512.0,6030.0,119.3483,5.08,71.78
2023-07-06,2510.0,7310.0,119.8193,5.08,71.76
2023-07-07,2621.0,12410.0,119.0761,5.08,73.91
2023-07-10,2576.0,9950.0,118.9548,5.07,73.05
2023-07-11,2570.0,6900.0,118.7344,5.08,74.87
2023-07-12,2534.0,9010.0,117.6385,5.08,75.77
2023-07-13,2525.0,7460.0,117.1831,5.08,76.86
2023-07-14,2540.0,5480.0,117.0463,5.08,75.44
2023-07-17,2552.0,7960.0,117.1267,5.08,74.17
2023-07-18,2532.0,5870.0,117.0264,5.08,75.76
2023-07-19,2604.0,8500.0,117.3462,5.08,75.4
2023-07-20,2536.0,8820.0,117.5947,5.08,75.65
2023-07-21,2602.0,8029.999999999999,117.9418,5.08,77.06
2023-07-24,2649.0,6750.0,117.8124,5.08,78.81
2023-07-25,2628.0,5280.0,117.8565,5.08,79.76
2023-07-26,2480.0,4300.0,117.76,5.08,79.11
2023-07-27,2499.0,7000.0,117.8938,5.33,80.17
2023-07-28,2437.0,5950.0,117.788,5.33,80.55
2023-07-31,2476.0,6510.0,117.8241,5.33,81.8
2023-08-01,2494.0,6560.0,118.5738,5.33,81.37
2023-08-02,2532.0,9000.0,119.1268,5.33,79.5
2023-08-03,2516.0,13530.0,119.3963,5.33,81.56
2023-08-04,2488.0,11340.0,118.821,5.33,82.76
2023-08-07,2554.0,13300.0,119.0809,5.33,81.94
2023-08-08,2559.0,9450.0,119.6407,5.33,82.94
2023-08-09,2543.0,9530.0,119.476,5.33,84.35
2023-08-10,2534.0,11380.0,119.1581,5.33,82.81
2023-08-11,2517.0,11660.0,119.6268,5.33,83.17
2023-08-14,2435.0,15450.0,120.0725,5.33,82.5
2023-08-15,2433.0,10480.0,120.2127,5.33,81.06
2023-08-16,2378.0,14400.0,120.3551,5.33,79.4
2023-08-17,2391.0,11640.0,120.5242,5.33,80.43
2023-08-18,2363.0,10430.0,120.4321,5.33,81.25
2023-08-21,2366.0,9720.0,120.4627,5.33,80.71
2023-08-22,2374.0,10090.0,120.3554,5.33,80.25
2023-08-23,2402.0,11070.0,120.0307,5.33,78.91
2023-08-24,2406.0,15760.0,120.2354,5.33,79.52
2023-08-25,2437.0,8860.0,120.5137,5.33,80.47
2023-08-29,2449.0,10090.0,120.2669,5.33,81.14
2023-08-30,2496.0,11010.0,119.7937,5.33,81.64
2023-08-31,2489.0,14680.0,120.225,5.33,83.55
2023-09-01,2482.0,7280.0,120.759,5.33,85.52
2023-09-04,2483.0,3100.0,120.759,5.33,85.52
2023-09-05,2453.0,10630.0,121.4345,5.33,86.74
2023-09-06,2456.0,6970.0,121.8671,5.33,87.55
2023-09-07,2407.0,7540.0,121.9528,5.33,86.87
2023-09-08,2407.0,5620.0,121.9475,5.33,87.51
2023-09-11,2439.0,8850.0,121.3386,5.33,87.3
2023-09-12,2430.0,7670.0,121.2913,5.33,88.87
2023-09-13,2479.0,10770.0,121.0549,5.33,88.59
2023-09-14,2495.0,9010.0,121.2395,5.33,90.13
2023-09-15,2556.0,9560.0,121.199,5.33,90.83
2023-09-18,2566.0,13500.0,121.1938,5.33,91.47
2023-09-19,2540.0,12180.0,121.1645,5.33,91.16
2023-09-20,2508.0,9120.0,120.9648,5.33,89.2
2023-09-21,2464.0,8620.0,121.5528,5.33,89.56
2023-09-22,2461.0,9420.0,121.5306,5.33,90.0
2023-09-25,2443.0,5620.0,122.1143,5.33,89.68
2023-09-26,2352.0,4790.0,122.4742,5.33,91.43
2023-09-27,2346.0,5220.0,122.9895,5.33,93.67
2023-09-28,2372.0,7260.0,122.5342,5.33,91.65
2023-09-29,2369.0,5810.0,122.3077,5.33,90.77
2023-10-02,2374.0,5350.0,123.0545,5.33,88.81
2023-10-03,2332.0,10130.0,123.7848,5.33,89.26
2023-10-04,2315.0,14460.0,123.5946,5.33,84.32
2023-10-05,2302.0,12810.0,123.8993,5.33,82.3
2023-10-06,2280.0,15240.0,123.3563,5.33,82.83
2023-10-09,2243.0,15490.0,123.3563,5.33,82.83
2023-10-10,2245.0,17380.0,122.9282,5.33,85.89
2023-10-11,2235.0,12370.0,122.7697,5.33,83.7
2023-10-12,2255.0,8530.0,123.2101,5.33,82.87
2023-10-13,2284.0,11450.0,123.5954,5.33,87.67
2023-10-16,2296.0,9450.0,123.3185,5.33,86.65
2023-10-17,2320.0,12020.0,123.1202,5.33,86.66
2023-10-18,2335.0,10290.0,123.8148,5.33,88.35
2023-10-19,2402.0,14330.0,123.798,5.33,89.35
2023-10-20,2479.0,29860.0,123.612,5.33,89.12
2023-10-23,2526.0,21590.0,123.2846,5.33,85.49
2023-10-24,2493.0,17530.0,123.6416,5.33,84.58
2023-10-25,2467.0,14740.0,123.7871,5.33,86.07
2023-10-26,2420.0,12350.0,124.0064,5.33,83.8
2023-10-27,2383.0,9560.0,123.62,5.33,86.04
2023-10-30,2314.0,17270.0,123.4076,5.33,83.03
2023-10-31,2366.0,12230.0,123.8364,5.33,81.64
2023-11-01,2312.0,11020.0,123.7922,5.33,81.05
2023-11-02,2328.0,10810.0,122.8818,5.33,83.04
2023-11-03,2372.0,8490.0,121.7564,5.33,81.19
2023-11-06,2422.0,7790.0,121.6484,5.33,81.54
2023-11-07,2358.0,11270.0,122.0777,5.33,77.96
2023-11-08,2406.0,7680.0,122.0926,5.33,75.85
2023-11-09,2430.0,8270.0,122.1281,5.33,76.34
2023-11-10,2421.0,8170.0,122.1281,5.33,76.34
2023-11-13,2503.0,11780.0,122.4264,5.33,78.86
2023-11-14,2474.0,10670.0,121.35,5.33,78.9
2023-11-15,2549.0,9890.0,121.0749,5.33,77.15
2023-11-16,2566.0,14280.0,121.1754,5.33,73.5
2023-11-17,2521.0,9230.0,120.8477,5.33,76.47
2023-11-20,2505.0,7600.0,120.2533,5.33,78.1
2023-11-21,2482.0,8220.0,120.2241,5.33,78.35
2023-11-22,2515.0,10330.0,120.6802,5.33,76.8
2023-11-23,2491.0,4890.0,120.6802,5.33,76.8
2023-11-24,2545.0,8850.0,120.2105,5.33,74.83
2023-11-27,2478.0,8320.0,120.173,5.33,74.46
2023-11-28,2481.0,11820.0,119.5904,5.33,76.09
2023-11-29,2468.0,9940.0,119.8159,5.33,77.56
2023-11-30,2546.0,12200.0,120.2434,5.33,75.66
2023-12-01,2528.0,16250.0,119.9424,5.33,73.7
2023-12-04,2513.0,18830.0,120.4727,5.33,72.73
2023-12-05,2553.0,14720.0,120.7913,5.33,71.95
2023-12-06,2512.0,16970.0,120.5334,5.33,68.98
2023-12-07,2541.0,11610.0,120.6013,5.33,69.0
2023-12-08,2526.0,8039.999999999999,120.7607,5.33,70.87
2023-12-11,2622.0,10440.0,120.9279,5.33,70.95
2023-12-12,2724.0,17160.0,120.6817,5.33,68.27
2023-12-13,2769.0,17020.0,121.1571,5.33,69.09
2023-12-14,2797.0,11760.0,119.5683,5.33,71.21
2023-12-15,2825.0,12500.0,119.7382,5.33,71.05
2023-12-18,2796.0,10170.0,119.9102,5.33,72.16
2023-12-19,2932.0,15620.0,119.4632,5.33,73.23
2023-12-20,2870.0,19830.0,119.5435,5.33,73.87
2023-12-21,2964.0,15270.0,119.3168,5.33,73.59
2023-12-22,2837.0,9640.0,119.0625,5.33,73.29
2023-12-27,2869.0,11350.0,118.4729,5.33,74.31
2023-12-28,2936.0,8670.0,118.4104,5.33,72.02
2023-12-29,2841.0,6570.0,118.4208,5.33,71.89
2024-01-02,2804.0,6510.0,119.2686,5.33,70.62
2024-01-03,2755.0,8340.0,119.6958,5.33,72.97
2024-01-04,2786.0,7230.0,119.6208,5.33,72.38
2024-01-05,2795.0,6580.0,119.388,5.33,74.0
2024-01-08,2885.0,11220.0,119.2506,5.33,71.06
2024-01-09,2932.0,14850.0,119.6666,5.33,72.43
2024-01-10,2950.0,11910.0,119.7614,5.33,71.57
2024-01-11,2938.0,8850.0,119.8916,5.33,72.15
2024-01-12,2939.0,9060.0,119.534,5.33,72.94
2024-01-15,2987.0,4440.0,119.534,5.33,72.94
2024-01-16,3170.0,18910.0,120.5759,5.33,72.63
2024-01-17,3156.0,18560.0,121.0402,5.33,72.79
2024-01-18,3063.0,11900.0,120.8895,5.33,74.32
2024-01-19,3128.0,7430.0,120.6442,5.33,73.69
2024-01-22,3220.0,7140.0,120.6178,5.33,75.26
2024-01-23,3182.0,11000.0,121.1001,5.33,74.72
2024-01-24,3207.0,7040.0,120.4916,5.33,75.48
2024-01-25,3251.0,9620.0,120.8311,5.33,77.91
2024-01-26,3112.0,10440.0,120.6173,5.33,78.45
2024-01-29,3122.0,9550.0,120.8538,5.33,77.25
2024-01-30,3181.0,11300.0,120.6025,5.33,78.3
2024-01-31,3168.0,11150.0,120.4331,5.33,76.28
2024-02-01,3151.0,8900.0,120.3335,5.33,74.36
2024-02-02,3116.0,11340.0,120.902,5.33,72.72
2024-02-05,3068.0,11210.0,121.349,5.33,73.21
2024-02-06,3096.0,14140.0,120.9588,5.33,73.83
2024-02-07,3115.0,11500.0,120.9049,5.33,74.26
2024-02-08,3109.0,7730.0,121.0798,5.33,76.67
2024-02-09,3217.0,12390.0,121.039,5.33,77.26
2024-02-12,3192.0,12990.0,120.9378,5.33,77.34
2024-02-13,3163.0,9290.0,121.5202,5.33,78.28
2024-02-14,3090.0,14800.0,121.4002,5.33,77.09
2024-02-15,3108.0,9260.0,121.2121,5.33,78.47
2024-02-16,3141.0,12470.0,121.1505,5.33,79.65
2024-02-19,3172.0,6330.0,121.1505,5.33,79.65
2024-02-20,3146.0,11630.0,121.0199,5.33,78.72
2024-02-21,3177.0,12030.0,121.0379,5.33,78.89
2024-02-22,3113.0,11860.0,121.102,5.33,79.64
2024-02-23,3030.0,16520.0,121.0369,5.33,77.6
2024-02-26,3020.0,9300.0,121.0592,5.33,78.53
2024-02-27,3077.0,15110.0,120.9647,5.33,79.8
2024-02-28,3044.0,8800.0,121.128,5.33,79.44
2024-02-29,3095.0,7580.0,121.1824,5.33,79.22
2024-03-01,3143.0,11860.0,121.0111,5.33,80.9
2024-03-04,3189.0,13390.0,120.872,5.33,79.67
2024-03-05,3180.0,9480.0,120.8846,5.33,79.11
2024-03-06,3309.0,14870.0,120.4649,5.33,80.08
2024-03-07,3381.0,16010.000000000002,120.1909,5.33,79.81
2024-03-08,3297.0,9990.0,119.975,5.33,78.96
2024-03-11,3279.0,5630.0,120.0394,5.33,78.87
2024-03-12,3307.0,4920.0,120.1668,5.33,78.51
2024-03-13,3260.0,6360.0,119.9642,5.33,80.67
2024-03-14,3277.0,6870.0,120.241,5.33,82.16
2024-03-15,3308.0,5790.0,120.4003,5.33,81.94
2024-03-18,3343.0,7080.0,120.5752,5.33,83.68
2024-03-19,3354.0,8640.0,120.9332,5.33,84.39
2024-03-20,3315.0,6870.0,120.9289,5.33,82.79
2024-03-21,3385.0,7540.0,120.8086,5.33,81.99
2024-03-22,3358.0,7200.0,121.1842,5.33,81.1
2024-03-25,3326.0,3190.0,121.0295,5.33,82.41
2024-03-26,3375.0,6710.0,121.0742,5.33,82.41
2024-03-27,3467.0,7210.0,121.0089,5.33,82.15
2024-03-28,3396.0,7820.0,121.0635,5.33,83.96
2024-04-02,3580.0,13270.0,121.3035,5.33,85.95
2024-04-03,3727.0,17680.0,121.0198,5.33,86.22
2024-04-04,3698.0,16450.0,120.7613,5.33,87.37
2024-04-05,3679.0,18080.0,120.9646,5.33,87.69
2024-04-08,3683.0,12470.0,120.7359,5.33,87.24
2024-04-09,3673.0,9470.0,120.7048,5.33,86.04
2024-04-10,3715.0,10120.0,121.5727,5.33,86.98
2024-04-11,3790.0,11260.0,121.6081,5.33,85.79
2024-04-12,3852.0,15530.0,122.2885,5.33,86.46
2024-04-15,3949.0,16020.0,122.425,5.33,86.21
2024-04-16,3977.0,11480.0,123.1234,5.33,86.15
2024-04-17,4195.0,17830.0,123.0207,5.33,83.58
2024-04-18,4062.0,16340.0,123.0017,5.33,83.5
2024-04-19,4080.0,12730.0,123.1075,5.33,83.79
2024-04-22,4133.0,11910.0,123.0609,5.33,83.82
2024-04-23,4117.0,10560.0,122.7227,5.33,84.17
2024-04-24,4266.0,14630.0,122.89,5.33,84.09
2024-04-25,4304.0,9800.0,122.8384,5.33,84.92
2024-04-26,4151.0,9440.0,122.9471,5.33,85.38
2024-04-29,4164.0,9400.0,122.5449,5.33,84.26
2024-04-30,4021.0,10880.0,122.9853,5.33,83.49
2024-05-01,3978.0,10050.0,123.0168,5.33,80.7
2024-05-02,3680.0,25740.0,122.4384,5.33,80.59
2024-05-03,3541.0,13100.0,122.1375,5.33,79.65
2024-05-07,3378.0,21620.0,122.093,5.33,79.97
2024-05-08,3414.0,10840.0,122.1926,5.33,80.57
2024-05-09,3439.0,8490.0,122.1634,5.33,80.86
2024-05-10,3440.0,6370.0,122.014,5.33,79.81
2024-05-13,3399.0,6230.0,122.0261,5.33,80.71
2024-05-14,3433.0,7280.0,121.9256,5.33,79.62
2024-05-15,3402.0,6950.0,121.3543,5.33,80.23
2024-05-16,3420.0,8300.0,121.2236,5.33,80.85
2024-05-17,3518.0,8020.0,121.2354,5.33,81.66
2024-05-20,3499.0,6690.0,121.2289,5.33,81.39
2024-05-21,3734.0,13780.0,121.3793,5.33,80.66
2024-05-22,3917.0,14630.0,121.5462,5.33,79.15
2024-05-23,3819.0,12890.0,121.7477,5.33,77.47
2024-05-24,3892.0,5990.0,121.6172,5.33,78.48
2024-05-28,4025.0,7030.0,121.43,5.33,80.9
2024-05-29,4042.0,8710.0,122.1641,5.33,80.24
2024-05-30,4131.0,7150.0,121.9601,5.33,78.96
2024-05-31,3987.0,8960.0,122.098,5.33,77.97
2024-06-03,4110.0,8150.0,122.3509,5.33,75.26
2024-06-04,4189.0,9630.0,122.7256,5.33,74.27
2024-06-05,4322.0,13040.0,122.5339,5.33,75.08
2024-06-06,4294.0,11070.0,122.3713,5.33,76.52
2024-06-07,4128.0,9540.0,123.549,5.33,76.53
2024-06-10,4082.0,10200.0,123.9125,5.33,78.75
2024-06-11,4053.0,9310.0,124.0349,5.33,78.88
2024-06-12,4086.0,10320.0,123.8295,5.33,79.56
2024-06-13,4093.0,11270.0,124.0235,5.33,79.61
2024-06-14,4009.0,10640.0,124.1694,5.33,79.41
2024-06-17,4057.0,8580.0,124.239,5.33,81.33
2024-06-18,3994.0,8580.0,123.9776,5.33,82.67
2024-06-19,4060.0,13410.0,123.9776,5.33,82.67
2024-06-20,4176.0,9640.0,124.192,5.33,83.34
2024-06-21,4104.0,7200.0,124.1086,5.33,81.71
2024-06-24,4252.0,12350.0,123.7125,5.33,82.63
2024-06-25,4117.0,6790.0,123.9417,5.33,81.97
2024-06-26,4059.0,6410.0,124.26,5.33,82.19
2024-06-27,4047.0,4250.0,124.3379,5.33,83.04
2024-06-28,4011.0,6610.0,124.2103,5.33,82.83
2024-07-01,4067.0,7880.0,124.4667,5.33,84.7
2024-07-02,4092.0,6020.0,124.2917,5.33,84.09
2024-07-03,4058.0,5930.0,123.7768,5.33,85.19
2024-07-04,4153.0,5030.0,123.7768,5.33,85.19
2024-07-05,4185.0,6890.0,123.4762,5.33,84.44
2024-07-08,4348.0,8610.0,123.3576,5.33,83.63
2024-07-09,4634.0,13340.0,123.4071,5.33,82.78
2024-07-10,4477.0,9580.0,123.1895,5.33,83.39
2024-07-11,4576.0,6970.0,122.769,5.33,83.92
2024-07-12,4617.0,5510.0,122.4404,5.33,83.49
2024-07-15,4583.0,5820.0,122.6347,5.33,83.22
2024-07-16,4572.0,5930.0,122.7264,5.33,81.92
2024-07-17,4570.0,6070.0,122.518,5.33,84.16
2024-07-18,4479.0,6960.0,122.7909,5.33,84.17
2024-07-19,4530.0,5440.0,123.147,5.33,81.43
2024-07-22,4581.0,4610.0,123.2172,5.33,81.25
2024-07-23,4481.0,6360.0,123.3843,5.33,78.24
2024-07-24,4327.0,9440.0,123.5575,5.33,78.78
2024-07-25,4395.0,7110.0,123.5286,5.33,79.43
2024-07-26,4150.0,3100.0,123.672,5.33,78.58
2024-07-29,4122.0,5690.0,124.1392,5.33,77.27
2024-07-30,4118.0,6430.0,124.2855,5.33,76.17
2024-07-31,4116.0,7110.0,123.6373,5.33,79.36
2024-08-01,4083.0,8160.0,123.8693,5.33,77.74
2024-08-02,4088.0,6010.0,123.4681,5.33,74.99
2024-08-05,4029.0,11200.0,123.5787,5.33,74.46
2024-08-06,4190.0,9900.0,123.6532,5.33,74.6
2024-08-07,4286.0,8640.0,123.5698,5.33,76.68
2024-08-08,4253.0,7360.0,123.4466,5.33,77.64
2024-08-09,4162.0,7100.0,122.9276,5.33,78.28
2024-08-12,4359.0,10320.0,123.2204,5.33,81.45
2024-08-13,4187.0,11840.0,123.0146,5.33,79.81
2024-08-14,4292.0,7990.0,122.4297,5.33,78.47
2024-08-15,4378.0,8280.0,122.5844,5.33,79.66
2024-08-16,4452.0,11430.0,122.3972,5.33,78.05
2024-08-19,4476.0,11710.0,121.8788,5.33,75.82
2024-08-20,4619.0,13600.0,121.7728,5.33,75.27
2024-08-21,4632.0,13790.0,121.8535,5.33,72.76
2024-08-22,4574.0,7510.0,122.3626,5.33,73.72
2024-08-23,4715.0,10530.0,121.4597,5.33,75.82
2024-08-27,4846.0,11050.0,121.8672,5.33,76.5
2024-08-28,4926.0,7390.0,121.8943,5.33,75.49
2024-08-29,4901.0,9630.0,122.2333,5.33,76.9
2024-08-30,4948.0,15410.0,122.3262,5.33,74.52
2024-09-02,4700.0,8610.0,122.3262,5.33,74.52
2024-09-03,4710.0,8950.0,122.7811,5.33,71.28
2024-09-04,4912.0,8930.0,122.5144,5.33,70.11
2024-09-05,4911.0,6370.0,122.4533,5.33,70.09
2024-09-06,4770.0,6390.0,122.4991,5.33,68.58
2024-09-09,4891.0,5420.0,122.7156,5.33,69.65
2024-09-10,4897.0,6990.0,123.0071,5.33,66.73
2024-09-11,5008.0,4920.0,122.7754,5.33,68.25
2024-09-12,5077.0,8260.0,122.4423,5.33,69.89
2024-09-13,5267.0,6960.0,121.6551,5.33,69.59
2024-09-16,5246.0,8560.0,121.4976,5.33,71.1
2024-09-17,5303.0,7410.0,121.6031,5.33,72.16
2024-09-18,5334.0,6170.0,121.5618,5.33,71.87
2024-09-19,5248.0,6990.0,121.3059,4.83,72.86
2024-09-20,5059.0,9320.0,121.4052,4.83,72.72
2024-09-23,5276.0,6650.0,121.4303,4.83,71.33
2024-09-24,5312.0,5940.0,121.1291,4.83,72.34
2024-09-25,5152.0,6430.0,121.4447,4.83,70.42
2024-09-26,5242.0,6150.0,121.0785,4.83,68.28
2024-09-27,5203.0,4220.0,121.1111,4.83,68.72
2024-09-30,5225.0,5680.0,121.2864,4.83,68.75
2024-10-01,5179.0,7760.0,121.6881,4.83,70.41
2024-10-02,4862.0,11970.0,121.5724,4.83,70.74
2024-10-03,4720.0,9080.0,122.1197,4.83,74.33
2024-10-04,4859.0,7100.0,122.2197,4.83,74.93
2024-10-07,4660.0,10530.0,122.4241,4.83,77.76
2024-10-08,4684.0,11680.0,122.6625,4.83,74.26
2024-10-09,4701.0,9280.0,122.8821,4.83,73.85
2024-10-10,4742.0,6870.0,123.0951,4.83,76.46
2024-10-11,4678.0,8830.0,122.9805,4.83,76.11
2024-10-14,4843.0,11160.0,122.9805,4.83,76.11
2024-10-15,4778.0,7320.0,123.5124,4.83,71.22
2024-10-16,4752.0,10730.0,123.9235,4.83,70.97
2024-10-17,4598.0,9070.0,124.1122,4.83,71.26
2024-10-18,4615.0,6780.0,123.9185,4.83,69.78
2024-10-21,4503.0,7370.0,124.4757,4.83,71.16
2024-10-22,4425.0,10390.0,124.4107,4.83,72.84
2024-10-23,4443.0,8410.0,124.6931,4.83,71.37
2024-10-24,4337.0,10180.0,124.5127,4.83,70.58
2024-10-25,4411.0,6980.0,124.6105,4.83,72.02
2024-10-28,4502.0,5740.0,124.8076,4.83,67.65
2024-10-29,4398.0,4850.0,124.8612,4.83,67.48
2024-10-30,4453.0,6020.0,124.8153,4.83,68.91
2024-10-31,4369.0,4230.0,124.7988,4.83,69.58
2024-11-01,4279.0,7180.0,124.8076,4.83,69.81
2024-11-04,4318.0,5470.0,124.5903,4.83,71.83
2024-11-05,4372.0,4400.0,124.5532,4.83,72.26
2024-11-06,4307.0,6200.0,125.7035,4.83,71.98
2024-11-07,4486.0,7960.0,124.775,4.83,72.69
2024-11-08,4376.0,5280.0,125.5811,4.58,70.69
2024-11-11,4476.0,5460.0,125.5811,4.58,70.69
2024-11-12,4537.0,6390.0,126.7762,4.58,68.43
2024-11-13,4632.0,6730.0,126.9572,4.58,68.76
2024-11-14,4777.0,9080.0,127.0015,4.58,68.99
2024-11-15,4773.0,6840.0,126.8848,4.58,67.33
2024-11-18,4735.0,7480.0,126.6045,4.58,69.46
2024-11-19,4656.0,7350.0,126.3994,4.58,69.75
2024-11-20,4798.0,4600.0,126.88,4.58,69.25
2024-11-21,4787.0,5170.0,127.1047,4.58,70.39
2024-11-22,4985.0,6680.0,127.4712,4.58,71.68
2024-11-25,5110.0,11850.0,126.9948,4.58,69.41
2024-11-26,5114.0,5610.0,127.4301,4.58,69.05
2024-11-27,5496.0,9640.0,126.8205,4.58,69.03
2024-11-28,5528.0,4310.0,126.8205,4.58,69.03
2024-11-29,5377.0,6880.0,126.5798,4.58,68.26
2024-12-02,4806.0,12070.0,127.1272,4.58,68.35
2024-12-03,4604.0,13950.0,126.9565,4.58,70.15
2024-12-04,4751.0,9930.0,126.7574,4.58,68.81
2024-12-05,4873.0,7310.0,126.4286,4.58,68.58
2024-12-06,5116.0,8340.0,126.688,4.58,68.58
2024-12-09,5200.0,9550.0,126.5981,4.58,68.65
2024-12-10,5232.0,11880.0,126.957,4.58,68.85
2024-12-11,5101.0,7710.0,126.8483,4.58,70.57
2024-12-12,5152.0,6030.0,126.9556,4.58,70.25
2024-12-13,5184.0,8650.0,127.3096,4.58,71.54
2024-12-16,5203.0,8270.0,127.2687,4.58,71.03
2024-12-17,5168.0,6190.0,127.5043,4.58,70.31
2024-12-18,5139.0,7990.0,127.6418,4.58,70.8
2024-12-19,5046.0,8170.0,128.6366,4.33,70.1
2024-12-20,5002.0,6150.0,127.893,4.33,69.71
2024-12-23,5008.0,6050.0,128.3021,4.33,69.5
2024-12-24,5041.0,2490.0,128.3377,4.33,70.87
2024-12-27,4953.0,5920.0,128.45,4.33,71.28
2024-12-30,4921.0,3870.0,128.8205,4.33,71.73
2024-12-31,4875.0,4900.0,129.2775,4.33,72.44
2025-01-02,5056.0,6920.0,129.4598,4.33,73.79
2025-01-03,4968.0,4470.0,129.4535,4.33,74.64
2025-01-06,4984.0,5820.0,128.538,4.33,74.31
2025-01-07,5019.0,5270.0,128.613,4.33,74.99
2025-01-08,4956.0,5500.0,129.0785,4.33,73.99
2025-01-09,4979.0,4510.0,129.2827,4.33,73.99
2025-01-10,4966.0,5270.0,129.8664,4.33,77.27
2025-01-13,4902.0,7100.0,130.0413,4.33,79.57
2025-01-14,4863.0,6010.0,129.3812,4.33,78.2
2025-01-15,4912.0,7230.0,129.2092,4.33,80.73
2025-01-16,4889.0,8640.0,129.436,4.33,79.35
2025-01-17,5006.0,11110.0,129.4859,4.33,78.56
2025-01-20,5143.0,4840.0,129.4859,4.33,78.56
2025-01-21,5263.0,9320.0,128.4151,4.33,76.79
2025-01-22,5452.0,8680.0,128.3402,4.33,76.12
2025-01-23,5482.0,9030.0,128.2162,4.33,75.03
2025-01-24,5544.0,8370.0,127.4611,4.33,74.97
2025-01-27,5420.0,5510.0,128.0912,4.33,73.51
2025-01-28,5443.0,2230.0,128.2817,4.33,74.15
2025-01-29,5511.0,1530.0,128.3418,4.33,72.94
2025-01-30,5625.0,1880.0,128.1004,4.33,73.1
2025-01-31,5618.0,2070.0,128.4828,4.33,72.84
2025-02-03,5453.0,3160.0,129.109,4.33,73.52
2025-02-04,5481.0,2880.0,128.1083,4.33,73.04
2025-02-05,5580.0,2980.0,127.9751,4.33,71.39
2025-02-06,5601.0,5790.0,128.2017,4.33,70.97
2025-02-07,5517.0,2460.0,128.4292,4.33,71.32
2025-02-10,5646.0,4140.0,128.6382,4.33,72.73
2025-02-11,5611.0,3120.0,128.4322,4.33,73.67
2025-02-12,5765.0,3610.0,128.3288,4.33,71.72
2025-02-13,5740.0,2880.0,127.8931,4.33,71.66
2025-02-14,5674.0,3350.0,127.1491,4.33,71.05
2025-02-17,5634.0,1800.0,127.1491,4.33,71.05
2025-02-18,5678.0,3670.0,127.2906,4.33,72.21
2025-02-19,5701.0,4150.0,127.7317,4.33,72.58
2025-02-20,5610.0,3520.0,127.1126,4.33,72.88
2025-02-21,5670.0,2900.0,127.1408,4.33,70.72
2025-02-24,5506.0,4530.0,127.1921,4.33,71.06
2025-02-25,5369.0,6330.0,127.3752,4.33,69.15
2025-02-26,5373.0,3740.0,127.2822,4.33,68.87
2025-02-27,5337.0,2180.0,127.9704,4.33,70.62
2025-02-28,5290.0,3330.0,128.2805,4.33,69.97
2025-03-03,5444.0,4250.0,127.75,4.33,68.63
2025-03-04,5599.0,3980.0,127.9966,4.33,68.47
2025-03-05,5603.0,4650.0,126.504,4.33,66.58
2025-03-06,5386.0,4450.0,126.1099,4.33,66.62
2025-03-07,5318.0,6110.0,125.9814,4.33,67.29
2025-03-10,5342.0,3190.0,126.268,4.33,66.31
2025-03-11,5513.0,3800.0,126.0457,4.33,66.52
2025-03-12,5484.0,4030.0000000000005,125.8664,4.33,67.65
2025-03-13,5506.0,4030.0000000000005,126.0031,4.33,66.82
2025-03-14,5377.0,3380.0,125.6942,4.33,67.43
2025-03-17,5451.0,2950.0,125.3688,4.33,67.84
2025-03-18,5452.0,2910.0,125.488,4.33,67.49
2025-03-19,5509.0,5490.0,125.8006,4.33,67.4
2025-03-20,5482.0,5120.0,125.985,4.33,68.55
2025-03-21,5504.0,4059.9999999999995,126.2679,4.33,68.52
2025-03-24,5492.0,4820.0,126.1956,4.33,69.46
2025-03-25,5579.0,5410.0,126.0535,4.33,69.48
2025-03-26,5407.0,2640.0,126.2364,4.33,70.05
2025-03-27,5327.0,3590.0,126.3626,4.33,70.3
2025-03-28,5314.0,1610.0,126.4187,4.33,69.74
2025-03-31,5263.0,1560.0,126.7075,4.33,71.87
2025-04-01,5374.0,3730.0,126.4338,4.33,71.61
2025-04-02,5370.0,2580.0,126.3811,4.33,72.12
2025-04-03,5327.0,4230.0,124.7316,4.33,67.43
2025-04-04,5082.0,4320.0,125.8129,4.33,62.42
2025-04-07,4766.0,0.0,126.8282,4.33,61.05
2025-04-08,4803.0,0.0,126.8668,4.33,60.04
2025-04-09,4785.0,0.0,126.628,4.33,62.63
2025-04-10,4896.0,12430.0,125.089,4.33,60.57
2025-04-11,5049.0,7570.0,124.0163,4.33,61.91
2025-04-14,5239.0,7820.0,123.6598,4.33,61.99
2025-04-15,5340.0,8530.0,123.776,4.33,61.74
2025-04-16,5379.0,8950.0,123.2724,4.33,62.88
2025-04-17,5277.0,8480.0,123.1298,4.33,65.07
2025-04-22,5257.0,8870.0,122.4175,4.33,64.6
2025-04-23,5362.0,9650.0,123.0252,4.33,62.64
2025-04-24,5427.0,9720.0,122.9251,4.33,63.55
2025-04-25,5415.0,9830.0,122.8858,4.33,63.85
2025-04-28,5413.0,5890.0,122.7176,4.33,63.3
2025-04-29,5298.0,7540.0,122.5944,4.33,61.84
2025-04-30,5369.0,4920.0,122.5921,4.33,59.55
2025-05-01,5126.0,7270.0,123.1405,4.33,60.59
2025-05-02,5291.0,7970.0,122.4962,4.33,59.67
2025-05-06,5256.0,7990.0,122.0417,4.33,60.42
2025-05-07,5239.0,4820.0,122.117,4.33,59.42
2025-05-08,5265.0,4130.0,122.7568,4.33,61.25
2025-05-09,5226.0,4740.0,122.5191,4.33,62.37
2025-05-12,5052.0,7690.0,123.4863,4.33,63.32
2025-05-13,5129.0,5590.0,122.9583,4.33,65.04
2025-05-14,5010.0,7440.0,122.6746,4.33,64.48
2025-05-15,4971.0,9380.0,122.8174,4.33,63.03
2025-05-16,4865.0,9090.0,123.0737,4.33,63.84
2025-05-19,4973.0,7660.0,122.4186,4.33,63.98
2025-05-20,4903.0,6400.0,122.3199,4.33,63.97
2025-05-21,4903.0,5600.0,121.7496,4.33,62.93
2025-05-22,4787.0,7630.0,122.0429,4.33,62.55
2025-05-23,4790.0,6430.0,121.3837,4.33,62.89
2025-05-27,4692.0,5590.0,121.6099,4.33,61.61
2025-05-28,4566.0,8950.0,121.9888,4.33,62.54
2025-05-29,4530.0,7330.0,121.5617,4.33,61.66
2025-05-30,4463.0,9820.0,121.7674,4.33,61.46
2025-06-02,4405.0,10230.0,121.1881,4.33,63.27
2025-06-03,4337.0,11900.0,121.4592,4.33,64.1
2025-06-04,4345.0,11030.0,121.0539,4.33,63.57
2025-06-05,4445.0,9560.0,120.9596,4.33,64.06
2025-06-06,4339.0,10500.0,121.161,4.33,65.3
2025-06-09,4384.0,3020.0,120.9103,4.33,65.99
2025-06-10,4253.0,4430.0,121.0485,4.33,65.66
2025-06-11,4227.0,2720.0,120.587,4.33,68.91
2025-06-12,4246.0,4040.0,120.1723,4.33,68.73
2025-06-13,4212.0,7080.0,120.3245,4.33,73.84
2025-06-16,4121.0,3530.0,120.1565,4.33,72.53
2025-06-17,4082.0,3120.0,120.5048,4.33,75.62
2025-06-18,3826.0,6110.0,120.7305,4.33,75.89
2025-06-19,3824.0,1760.0,120.7305,4.33,75.89
2025-06-20,3678.0,3650.0,121.0408,4.33,75.72
2025-06-23,3851.0,5130.0,121.1694,4.33,69.36
2025-06-24,3634.0,5740.0,120.3645,4.33,65.45
2025-06-25,3474.0,6390.0,120.3336,4.33,65.98
2025-06-26,3595.0,5310.0,119.6451,4.33,66.44
2025-06-27,3593.0,3280.0,119.659,4.33,66.66
2025-06-30,3566.0,4500.0,119.4088,4.33,66.3
2025-07-01,3602.0,2780.0,119.3436,4.33,66.64
2025-07-02,3551.0,3970.0,119.3037,4.33,68.66
2025-07-03,3569.0,2500.0,119.2382,4.33,68.13
2025-07-04,3615.0,1120.0,119.2382,4.33,68.13
2025-07-07,3463.0,2900.0,119.6201,4.33,69.16
2025-07-08,3508.0,2890.0,119.8371,4.33,69.55
2025-07-09,3410.0,4520.0,119.7311,4.33,69.61
2025-07-10,3274.0,7600.0,119.8343,4.33,67.78
2025-07-11,3170.0,5320.0,119.9214,4.33,69.63
2025-07-14,3465.0,5720.0,120.2209,4.33,68.19
2025-07-15,3359.0,4300.0,120.5105,4.33,67.76
2025-07-16,3396.0,4820.0,120.4175,4.33,67.13
2025-07-17,3288.0,4710.0,120.6384,4.33,68.76
2025-07-18,3322.0,3810.0,120.356,4.33,68.53
2025-07-21,3164.0,6710.0,119.9961,4.33,68.39
2025-07-22,3262.0,7290.0,119.681,4.33,67.56
2025-07-23,3259.0,6960.0,119.5697,4.33,66.05
2025-07-24,3304.0,5130.0,119.5664,4.33,67.16
2025-07-25,3196.0,5340.0,119.9857,4.33,66.38
2025-07-28,3277.0,2360.0,120.6149,4.33,67.81
2025-07-29,3251.0,2650.0,120.9674,4.33,70.27
2025-07-30,3294.0,3820.0,121.4042,4.33,71.09
2025-07-31,3293.0,3730.0,121.721,4.33,70.36
2025-08-01,3216.0,2200.0,121.2122,4.33,68.39
2025-08-04,3287.0,2300.0,120.9859,4.33,67.33
2025-08-05,3311.0,3440.0,120.9082,4.33,66.2
2025-08-06,3277.0,4510.0,120.5082,4.33,65.38
2025-08-07,3320.0,3210.0,120.5043,4.33,64.9
2025-08-08,3444.0,3310.0,120.3329,4.33,64.94
2025-08-11,3605.0,4330.0,120.6892,4.33,65.03
2025-08-12,3556.0,5700.0,120.2736,4.33,64.22
2025-08-13,3694.0,7770.0,120.13,4.33,63.68
2025-08-14,3814.0,5180.0,120.6446,4.33,64.99
2025-08-15,3943.0,4420.0,120.3377,4.33,63.78
2025-08-18,3895.0,4770.0,120.5622,4.33,64.51
2025-08-19,4134.0,4590.0,120.7224,4.33,63.38
2025-08-20,4401.0,13950.0,120.7757,4.33,64.19
2025-08-21,4520.0,14370.0,121.0843,4.33,64.56
2025-08-22,4650.0,13250.0,120.2774,4.33,64.08
2025-08-26,4690.0,12350.0,120.5274,4.33,63.6
2025-08-27,4878.0,8330.0,120.7274,4.33,64.49
2025-08-28,4808.0,9290.0,120.2595,4.33,64.96
2025-08-29,4815.0,7170.0,120.2082,4.33,64.36
2025-09-01,4628.0,6230.0,120.2082,4.33,64.36
2025-09-02,4399.0,8250.0,120.6837,4.33,65.95
2025-09-03,4454.0,6860.0,120.5052,4.33,64.36
2025-09-04,4414.0,7460.0,120.7629,4.33,63.81
2025-09-05,4309.0,5490.0,120.1282,4.33,62.22
2025-09-08,4430.0,6390.0,120.0971,4.33,62.6
2025-09-09,4371.0,5500.0,120.1569,4.33,62.97
2025-09-10,4477.0,4340.0,120.1223,4.33,64.01
2025-09-11,4521.0,4680.0,119.9534,4.33,62.71
2025-09-12,4601.0,4710.0,120.0611,4.33,63.02
2025-09-15,4842.0,8500.0,119.5644,4.33,63.66
2025-09-16,4781.0,7850.0,119.1348,4.33,64.89
2025-09-17,4450.0,10000.0,119.1582,4.33,64.41
2025-09-18,4447.0,5220.0,119.6616,4.08,63.91
2025-09-19,4135.0,10210.0,119.7858,4.08,63.02
2025-09-22,4280.0,11580.0,119.8152,4.09,62.99
2025-09-23,4118.0,8390.0,119.6202,4.09,63.76
2025-09-24,4219.0,6620.0,120.1707,4.09,65.4
2025-09-25,4082.0,5860.0,120.5419,4.09,65.51
2025-09-26,4182.0,3840.0,120.4349,4.09,66.5
2025-09-29,4174.0,3130.0,120.115,4.09,64.27
2025-09-30,4186.0,4880.0,120.1368,4.09,63.17
2025-10-01,4388.0,5530.0,120.1502,4.09,62.59
2025-10-02,4325.0,5920.0,120.4296,4.09,61.28
2025-10-03,4522.0,6680.0,120.0881,4.09,61.65
2025-10-06,4464.0,6140.0,120.2722,4.09,62.49
2025-10-07,4388.0,7520.0,120.4884,4.09,62.52
2025-10-08,4484.0,7800.0,120.7766,4.1,63.37
2025-10-09,4472.0,9890.0,121.0902,4.1,62.36
2025-10-10,4391.0,6580.0,121.1163,4.1,59.75
2025-10-13,4467.0,7010.0,121.1163,4.1,59.75
2025-10-14,4420.0,7040.0,121.1822,4.1,59.52
2025-10-15,4453.0,7360.0,120.8642,4.1,59.08
2025-10-16,4524.0,7490.0,120.6698,4.11,58.29
2025-10-17,4478.0,5220.0,120.7028,4.11,58.3
2025-10-20,4464.0,5300.0,120.6209,4.11,58.34
2025-10-21,4574.0,6410.0,120.8895,4.11,58.66
2025-10-22,4694.0,9390.0,120.8958,4.11,59.3
2025-10-23,4521.0,10760.0,120.9531,4.11,62.44
2025-10-24,4557.0,5740.0,120.9345,4.11,62.27
2025-10-27,4450.0,7520.0,120.7988,4.12,62.13
2025-10-28,4465.0,7580.0,120.6361,4.12,60.97
2025-10-29,4610.0,6050.0,120.5312,4.12,61.26
2025-10-30,4641.0,4290.0,121.2832,3.87,61.36
2025-10-31,4540.0,5830.0,121.3859,3.86,61.75
2025-11-03,4693.0,6680.0,121.4512,3.87,61.79
2025-11-04,4681.0,8480.0,121.8271,3.87,61.38
2025-11-05,4686.0,5450.0,121.8482,3.87,60.4
2025-11-06,4530.0,9830.0,121.6948,3.87,60.24
2025-11-07,4648.0,7710.0,121.388,3.87,60.54
2025-11-10,4623.0,7060.0,121.2984,3.87,60.94
2025-11-11,4618.0,4910.0,121.2984,3.87,60.94
2025-11-12,4366.0,12220.0,121.0458,3.87,59.3
2025-11-13,4343.0,8250.0,120.7725,3.88,59.54
2025-11-14,4223.0,11810.0,120.9666,3.88,60.87
2025-11-17,4483.0,11390.0,121.1146,3.88,60.66
2025-11-18,4573.0,7930.0,121.2127,3.88,61.51
2025-11-19,4516.0,6950.0,121.4978,3.88,60.27
2025-11-20,4631.0,10460.0,121.6889,3.88,60.07
2025-11-21,4506.0,11450.0,121.8653,3.88,58.86
2025-11-24,4453.0,6620.0,121.9171,3.88,59.11
2025-11-25,4414.0,5240.0,121.6335,3.88,58.25
2025-11-26,4377.0,4700.0,121.2437,3.88,58.81
2025-11-27,4389.0,2870.0,121.2437,3.88,58.81
2025-11-28,4413.0,7780.0,121.0527,3.89,58.58
2025-12-01,4263.0,2009.9999999999998,120.9862,3.89,59.47
2025-12-02,4143.0,2490.0,121.1467,3.89,58.81
2025-12-03,4135.0,2050.0,120.7336,3.89,59.09
2025-12-04,4154.0,4250.0,120.6766,3.89,59.82
2025-12-05,4098.0,3760.0,120.6863,3.89,60.23
2025-12-08,4018.0,3220.0,120.776,3.89,59.04
2025-12-09,4034.0,3790.0,120.6832,3.89,58.4
2025-12-10,4065.0,3580.0,120.6752,3.89,58.67
2025-12-11,4038.0,2310.0,119.98,3.64,57.76
2025-12-12,3936.0,4430.0,120.1442,3.64,57.61
2025-12-15,3854.0,4710.0,119.9561,3.64,56.97
2025-12-16,3763.0,4690.0,119.8902,3.64,55.44
2025-12-17,3656.0,6060.0,120.155,3.64,56.07
2025-12-18,3618.0,4520.0,120.0528,3.64,56.22
2025-12-19,3613.0,4680.0,120.1652,3.64,56.8
2025-12-22,3708.0,3200.0,119.9912,3.64,58.18
2025-12-23,3762.0,2940.0,119.7057,3.64,58.55
2025-12-24,3793.0,1120.0,119.4372,3.64,58.72
2025-12-29,3812.0,2060.0,119.5899,3.64,57.89
2025-12-30,3863.0,3690.0,119.4939,3.64,57.79
2025-12-31,3872.0,2029.9999999999998,119.7456,3.64,57.26
2026-01-02,3878.0,2120.0,119.6059,3.64,57.21
2026-01-05,3844.0,3420.0,119.6192,3.64,58.1
2026-01-06,3930.0,3540.0,119.7807,3.64,56.97
2026-01-07,3876.0,5480.0,119.8719,3.64,56.01
2026-01-08,3866.0,2720.0,120.0904,3.64,57.74
2026-01-09,3837.0,4300.0,120.2215,3.64,58.96
2026-01-12,3845.0,2950.0,119.9958,3.64,59.39
2026-01-13,3882.0,2890.0,120.1401,3.64,60.85
2026-01-14,3879.0,3360.0,119.9537,3.64,61.84
2026-01-15,3923.0,5250.0,119.9951,3.64,59.13
2026-01-16,3925.0,6770.0,120.0838,3.64,59.4
2026-01-19,3935.0,3240.0,120.0838,3.64,59.4
2026-01-20,3864.0,8370.0,119.4455,3.64,60.3
2026-01-21,3984.0,7470.0,119.3431,3.64,60.38
2026-01-22,3943.0,9380.0,119.1962,3.64,59.24
2026-01-23,4051.0,13260.0,118.8976,3.64,60.7
2026-01-26,4113.0,9360.0,118.0525,3.64,60.46
2026-01-27,4100.0,4870.0,117.4523,3.64,62.04
2026-01-28,4148.0,0.0,117.5117,3.64,62.75
